,tmean,tmax,tmin,rh,u2,rs,rain
2015-01-01,24.43,26.26,23.03,93.94,1.43,9.55,2.11
2015-01-02,24.37,26.48,22.85,91.68,1.57,15.95,0.16
2015-01-03,24.89,28.14,22.11,90.11,1.72,15.33,0.0
2015-01-04,25.41,28.16,22.86,87.82,1.25,19.2,0.0
2015-01-05,25.42,27.95,23.34,87.9,1.21,16.69,1.04
2015-01-06,25.33,27.42,23.55,93.13,1.15,18.9,5.64
2015-01-07,25.38,27.56,23.85,91.08,0.96,14.65,7.5
2015-01-08,24.65,26.31,23.27,94.45,1.11,17.61,35.79
2015-01-09,24.47,25.89,23.26,94.47,1.17,9.88,9.55
2015-01-10,25.77,29.75,22.42,87.05,1.27,19.99,6.13
2015-01-11,25.35,27.95,23.33,90.47,1.1,17.9,6.13
2015-01-12,25.84,29.38,23.52,88.33,1.8,21.68,0.09
2015-01-13,25.48,29.12,23.04,88.14,2.03,22.98,0.02
2015-01-14,25.44,29.17,22.99,88.06,2.12,22.48,0.15
2015-01-15,25.15,28.97,22.54,87.12,1.96,21.97,0.04
2015-01-16,24.72,28.93,21.85,86.1,1.88,23.14,0.0
2015-01-17,24.5,28.84,21.56,86.07,1.89,21.89,0.17
2015-01-18,24.62,28.83,21.46,87.07,1.84,18.05,0.24
2015-01-19,24.82,29.21,22.05,86.45,1.78,21.78,0.4
2015-01-20,24.86,28.84,22.22,86.49,1.8,19.28,0.15
2015-01-21,24.77,28.08,22.72,88.71,1.6,17.68,0.51
2015-01-22,24.76,28.43,22.39,87.51,1.91,18.28,0.3
2015-01-23,24.88,29.23,21.65,86.76,1.8,20.24,0.68
2015-01-24,24.95,29.38,21.94,86.56,1.61,19.45,1.32
2015-01-25,24.8,28.53,22.01,86.78,1.56,17.28,0.21
2015-01-26,25.1,29.51,21.96,85.8,1.57,19.68,1.55
2015-01-27,25.29,30.07,21.96,84.81,1.51,20.26,0.48
2015-01-28,25.32,30.08,21.31,84.9,1.44,21.09,0.09
2015-01-29,25.08,28.81,22.33,89.03,1.52,15.09,0.69
2015-01-30,25.22,28.12,23.42,91.05,1.42,19.83,0.66
2015-01-31,25.27,29.49,21.98,85.52,1.88,15.83,0.04
2015-02-01,24.23,28.83,20.75,83.95,1.91,22.58,0.03
2015-02-02,24.73,29.01,21.82,86.84,2.03,17.31,2.35
2015-02-03,24.22,27.44,21.68,90.12,1.71,16.56,4.66
2015-02-04,24.6,27.22,23.24,91.73,1.76,15.37,5.04
2015-02-05,25.18,29.14,22.55,86.39,2.12,17.46,0.45
2015-02-06,24.97,28.97,22.5,87.36,2.05,16.11,3.57
2015-02-07,24.98,29.6,22.11,85.93,1.92,21.4,1.17
2015-02-08,24.81,29.31,21.75,85.06,2.17,21.79,0.03
2015-02-09,24.6,29.07,21.69,85.0,2.17,21.91,0.0
2015-02-10,24.37,28.97,21.38,82.26,2.11,21.78,0.0
2015-02-11,24.57,29.8,20.64,84.28,1.66,20.41,0.0
2015-02-12,24.54,29.34,20.99,84.96,1.68,23.49,0.0
2015-02-13,24.54,29.23,20.7,85.41,1.73,20.89,0.0
2015-02-14,25.09,30.03,21.46,84.78,1.45,22.99,0.0
2015-02-15,25.28,30.25,21.88,85.39,1.42,22.54,0.0
2015-02-16,25.67,30.31,22.5,85.39,1.67,23.52,0.66
2015-02-17,25.83,30.85,22.33,85.66,1.37,21.75,7.12
2015-02-18,25.97,31.02,22.39,85.32,1.4,18.8,9.06
2015-02-19,25.38,28.36,23.04,87.49,0.96,12.58,16.58
2015-02-20,25.84,30.25,22.84,85.89,1.33,20.35,0.04
2015-02-21,25.72,30.76,22.04,83.49,1.43,23.39,0.0
2015-02-22,25.77,30.84,21.73,84.53,1.63,20.69,0.0
2015-02-23,26.17,31.19,22.4,83.99,1.3,21.12,0.0
2015-02-24,26.12,30.56,22.56,85.22,1.3,16.5,0.0
2015-02-25,26.33,31.32,22.48,83.74,1.2,22.34,0.1
2015-02-26,26.24,30.96,22.66,83.36,1.25,21.87,1.32
2015-02-27,26.21,31.56,22.47,84.5,1.44,24.33,0.4
2015-02-28,26.22,31.23,21.84,83.7,1.48,24.11,0.05
2015-03-01,26.63,31.51,23.04,83.71,1.42,21.2,0.18
2015-03-02,26.13,31.19,22.74,83.56,1.5,20.46,1.71
2015-03-03,26.33,30.49,22.98,83.97,1.02,23.47,0.83
2015-03-04,27.07,31.58,22.82,79.68,0.79,22.75,1.95
2015-03-05,26.78,31.52,22.59,80.14,0.95,22.04,3.19
2015-03-06,27.01,31.12,22.77,78.17,0.76,21.14,1.13
2015-03-07,26.72,31.33,23.09,82.14,0.92,21.58,7.17
2015-03-08,26.86,30.72,23.32,81.67,0.87,20.07,6.69
2015-03-09,25.88,28.73,24.08,90.37,0.93,20.15,11.75
2015-03-10,26.4,29.94,23.96,86.3,1.09,23.06,10.09
2015-03-11,25.24,27.78,23.67,90.93,1.52,13.15,12.89
2015-03-12,25.38,29.2,22.87,83.33,1.46,16.87,3.6
2015-03-13,24.48,28.68,20.83,83.78,1.44,22.29,0.0
2015-03-14,26.02,31.1,21.39,80.84,1.44,24.77,0.0
2015-03-15,26.4,31.15,22.9,84.34,1.3,20.56,8.23
2015-03-16,26.96,31.57,23.18,80.58,0.98,21.75,5.66
2015-03-17,27.31,32.21,22.88,82.19,0.95,22.63,0.0
2015-03-18,27.39,31.9,23.43,82.45,1.0,21.16,0.85
2015-03-19,27.27,32.03,23.83,84.05,1.06,19.23,2.95
2015-03-20,27.59,31.76,23.2,78.51,0.66,16.37,1.33
2015-03-21,27.44,31.86,23.44,80.88,0.7,18.98,2.2
2015-03-22,26.83,31.37,23.43,84.44,0.99,18.85,4.56
2015-03-23,26.92,31.33,23.94,83.59,1.01,21.26,2.44
2015-03-24,26.91,31.45,23.85,83.2,1.47,16.04,0.53
2015-03-25,26.8,30.76,23.95,85.18,1.56,19.43,1.33
2015-03-26,26.26,29.92,23.94,86.82,1.55,21.54,1.21
2015-03-27,26.65,30.6,23.88,85.38,1.65,22.37,0.32
2015-03-28,26.83,31.18,23.63,85.17,1.57,15.09,1.4
2015-03-29,26.9,30.99,23.95,86.29,1.47,19.05,14.46
2015-03-30,26.63,29.97,24.48,88.06,1.19,21.37,7.92
2015-03-31,26.61,30.34,24.02,89.07,1.13,21.04,4.93
2015-04-01,27.33,31.27,24.4,86.41,0.85,20.99,8.76
2015-04-02,27.05,30.15,24.55,87.19,0.81,19.62,16.49
2015-04-03,27.51,30.56,24.58,78.32,0.7,18.87,2.72
2015-04-04,27.76,31.59,24.6,82.69,0.97,20.55,0.57
2015-04-05,27.52,31.0,24.64,85.08,1.0,16.74,4.18
2015-04-06,28.04,32.0,24.76,81.5,0.59,22.19,4.3
2015-04-07,26.95,30.18,24.93,86.32,1.31,20.49,1.46
2015-04-08,27.18,31.29,24.32,85.37,1.45,21.75,0.23
2015-04-09,26.59,30.19,24.01,87.89,1.49,19.83,2.45
2015-04-10,27.1,31.11,24.41,85.57,1.34,20.42,0.52
2015-04-11,27.16,31.29,24.2,84.71,1.06,20.21,4.85
2015-04-12,27.46,32.37,23.53,81.61,1.1,21.22,3.81
2015-04-13,27.12,31.43,24.27,84.17,1.28,21.92,0.91
2015-04-14,27.24,32.27,23.49,82.68,1.41,21.25,0.17
2015-04-15,27.5,32.41,23.75,80.28,1.54,20.48,0.04
2015-04-16,27.84,32.63,23.98,79.85,1.11,21.64,0.13
2015-04-17,27.46,30.79,24.68,81.68,0.91,18.21,0.07
2015-04-18,27.65,30.91,24.8,78.64,0.56,21.24,1.19
2015-04-19,27.5,30.81,24.51,82.18,0.88,18.38,3.15
2015-04-20,27.59,31.23,24.86,82.47,0.96,22.01,0.87
2015-04-21,28.6,32.39,25.53,76.21,0.41,19.17,1.95
2015-04-22,27.78,31.49,25.59,81.32,0.69,18.75,4.56
2015-04-23,27.89,31.79,24.9,78.11,0.81,18.56,6.26
2015-04-24,27.23,31.19,24.12,81.73,0.99,17.17,2.6
2015-04-25,26.5,29.53,24.17,86.28,1.05,14.82,8.36
2015-04-26,26.36,29.44,24.05,88.18,1.07,18.47,12.22
2015-04-27,27.84,31.89,24.41,77.74,0.71,15.89,41.85
2015-04-28,27.97,32.54,24.55,75.63,0.66,21.46,7.01
2015-04-29,28.37,32.31,24.53,75.93,0.55,19.07,3.37
2015-04-30,27.07,29.67,24.86,84.13,0.83,17.23,1.54
2015-05-01,27.72,30.57,24.86,77.7,0.53,20.73,1.24
2015-05-02,27.77,31.1,25.37,80.64,0.93,16.26,5.71
2015-05-03,26.63,29.65,24.49,84.32,1.07,12.81,6.34
2015-05-04,27.37,30.48,24.98,82.39,0.93,17.25,1.98
2015-05-05,27.86,31.11,25.17,81.66,0.95,20.72,0.67
2015-05-06,28.58,31.81,26.11,76.66,0.74,16.97,1.08
2015-05-07,27.84,30.73,25.72,86.83,1.02,14.0,13.32
2015-05-08,27.73,30.64,26.03,86.99,1.05,14.24,9.33
2015-05-09,27.47,30.38,25.48,86.17,1.26,22.19,0.33
2015-05-10,27.71,30.95,25.02,86.06,1.24,16.23,3.4
2015-05-11,27.68,31.07,25.11,86.05,1.24,19.32,1.44
2015-05-12,27.87,31.76,24.82,85.0,1.12,15.85,5.24
2015-05-13,28.18,32.03,25.32,82.29,0.9,13.65,3.95
2015-05-14,27.85,31.79,24.71,84.04,1.0,12.54,2.03
2015-05-15,28.41,32.18,25.25,80.47,0.79,17.42,10.91
2015-05-16,27.44,30.69,24.98,87.36,1.19,19.18,11.69
2015-05-17,28.31,31.93,25.09,80.5,0.9,18.49,9.98
2015-05-18,28.81,33.28,25.72,79.23,0.6,12.73,2.1
2015-05-19,27.71,30.14,25.71,86.82,0.98,18.43,8.97
2015-05-20,27.47,30.03,25.63,88.82,1.13,17.57,6.81
2015-05-21,27.59,30.06,25.66,88.11,1.09,17.59,2.19
2015-05-22,27.49,30.53,25.13,87.78,1.03,17.68,17.01
2015-05-23,27.2,29.38,25.28,86.34,0.78,8.92,17.45
2015-05-24,27.35,30.85,24.71,84.35,1.07,18.26,1.31
2015-05-25,27.22,30.48,24.45,86.35,1.07,17.1,1.38
2015-05-26,26.99,29.27,24.76,87.52,0.97,14.92,1.64
2015-05-27,27.33,30.73,24.94,85.89,1.1,17.74,1.24
2015-05-28,27.73,31.47,24.73,83.61,1.03,21.27,0.79
2015-05-29,27.58,30.59,25.18,86.35,1.25,19.33,0.68
2015-05-30,27.77,30.9,25.35,86.04,1.36,20.22,0.0
2015-05-31,28.06,31.5,24.63,80.06,0.98,18.47,0.0
2015-06-01,27.42,30.45,24.84,84.07,0.99,18.64,0.23
2015-06-02,27.9,31.65,24.41,80.49,0.92,14.65,2.24
2015-06-03,27.95,31.6,25.14,81.14,0.88,20.64,0.42
2015-06-04,27.58,30.97,25.06,85.22,1.19,16.0,1.51
2015-06-05,28.05,31.82,24.7,81.16,0.9,18.61,0.53
2015-06-06,27.87,31.76,25.01,83.43,0.89,19.0,14.51
2015-06-07,27.34,31.01,24.89,86.73,1.18,15.56,21.41
2015-06-08,27.22,30.22,24.99,86.18,1.06,16.4,5.25
2015-06-09,28.07,31.8,24.95,79.23,0.82,10.0,12.49
2015-06-10,28.36,31.48,25.59,77.2,0.53,18.96,5.22
2015-06-11,27.5,30.13,25.78,85.45,1.07,18.95,3.94
2015-06-12,26.51,28.84,24.9,89.28,1.09,6.86,29.68
2015-06-13,27.04,30.66,24.43,82.59,0.69,15.24,27.09
2015-06-14,26.34,28.84,24.62,86.29,1.09,10.4,17.27
2015-06-15,26.33,28.75,24.47,87.75,1.27,16.59,4.18
2015-06-16,26.42,29.09,24.47,87.33,1.18,17.41,6.64
2015-06-17,26.75,29.67,24.38,86.58,1.13,15.65,0.65
2015-06-18,26.97,30.36,24.43,86.54,1.19,18.58,0.66
2015-06-19,26.94,29.91,24.82,88.51,1.46,16.65,0.4
2015-06-20,26.94,29.53,24.85,88.53,1.31,19.13,0.0
2015-06-21,27.25,29.98,25.14,88.39,1.24,19.52,0.0
2015-06-22,27.47,30.83,24.86,87.01,1.26,19.87,1.66
2015-06-23,27.06,29.55,25.06,89.41,1.38,18.45,1.65
2015-06-24,27.27,29.98,25.01,88.19,1.34,19.03,0.35
2015-06-25,27.59,30.78,25.06,86.87,1.36,19.67,1.42
2015-06-26,27.77,31.13,25.27,83.9,1.4,19.56,0.34
2015-06-27,27.27,30.45,24.79,85.91,1.62,21.66,0.0
2015-06-28,26.99,30.29,24.39,86.84,1.63,20.81,2.44
2015-06-29,27.0,30.17,24.35,85.47,1.27,21.6,1.02
2015-06-30,27.52,30.94,24.38,83.95,1.13,20.9,0.36
2015-07-01,27.27,30.25,24.71,83.92,1.07,9.53,2.45
2015-07-02,27.11,29.82,25.13,85.35,1.08,17.47,4.61
2015-07-03,27.35,30.29,25.12,85.12,1.14,16.73,5.22
2015-07-04,25.77,27.14,24.73,90.49,1.45,11.65,6.13
2015-07-05,27.1,30.85,24.11,83.44,1.57,21.15,3.02
2015-07-06,26.89,29.63,24.56,87.27,1.45,17.97,22.34
2015-07-07,26.92,29.12,25.07,89.75,1.32,13.67,7.94
2015-07-08,26.59,28.49,25.4,90.64,1.27,15.27,12.04
2015-07-09,27.41,29.91,24.86,81.05,1.25,19.93,6.76
2015-07-10,27.4,29.89,25.56,82.51,0.97,18.6,2.81
2015-07-11,26.94,29.48,24.92,88.84,1.28,18.12,0.47
2015-07-12,27.19,30.25,24.86,88.26,1.37,17.03,7.21
2015-07-13,26.85,29.19,24.69,90.73,1.43,10.78,18.4
2015-07-14,26.45,28.55,24.97,90.31,1.47,18.98,6.44
2015-07-15,26.89,29.55,24.64,85.71,1.36,18.83,0.28
2015-07-16,27.1,29.57,25.11,89.12,1.23,15.27,0.23
2015-07-17,27.27,30.29,25.07,89.04,1.09,15.13,4.45
2015-07-18,26.9,29.33,25.12,90.47,1.35,18.03,2.23
2015-07-19,26.87,28.9,25.37,88.91,1.21,18.28,1.36
2015-07-20,26.61,29.63,24.57,90.0,1.52,16.99,1.56
2015-07-21,26.83,29.56,24.64,87.44,1.24,15.92,2.67
2015-07-22,26.61,29.61,24.02,87.97,1.18,20.22,0.48
2015-07-23,26.89,29.71,24.56,86.36,1.18,19.67,0.94
2015-07-24,27.33,30.91,24.4,83.77,1.12,19.91,0.77
2015-07-25,27.29,31.31,24.2,83.62,1.26,19.2,0.11
2015-07-26,26.84,30.41,24.25,85.98,1.28,15.57,1.56
2015-07-27,26.52,29.75,23.86,85.53,1.31,17.18,0.94
2015-07-28,26.69,30.41,23.79,84.93,1.33,18.58,1.35
2015-07-29,26.77,30.6,23.83,85.39,1.43,19.39,0.62
2015-07-30,26.54,29.69,24.16,85.99,1.3,19.55,0.89
2015-07-31,26.75,29.7,24.05,84.57,1.04,9.97,7.09
2015-08-01,26.22,28.64,24.38,85.95,1.04,14.5,3.67
2015-08-02,26.7,30.07,24.13,85.1,1.21,21.24,9.28
2015-08-03,26.11,28.44,24.46,86.91,1.02,12.58,45.8
2015-08-04,26.26,28.68,23.85,83.2,1.07,16.04,2.98
2015-08-05,27.12,30.78,24.56,81.03,1.01,19.44,3.06
2015-08-06,26.41,29.46,24.28,89.21,1.11,4.06,19.79
2015-08-07,26.29,29.22,24.1,89.4,1.32,13.65,18.05
2015-08-08,26.06,27.92,24.49,91.85,1.26,17.83,24.59
2015-08-09,26.39,29.59,24.26,88.37,1.03,14.4,13.13
2015-08-10,26.94,30.18,24.34,88.18,1.29,14.05,1.69
2015-08-11,26.88,29.31,24.94,89.86,1.22,13.75,55.56
2015-08-12,26.8,30.13,24.41,86.08,1.03,10.67,19.37
2015-08-13,27.02,30.79,24.27,85.71,1.21,20.2,1.45
2015-08-14,27.32,31.34,23.68,84.05,1.17,19.49,0.31
2015-08-15,27.0,30.91,24.23,85.49,1.36,18.39,2.01
2015-08-16,27.03,31.32,23.96,85.84,1.32,18.43,5.06
2015-08-17,26.87,30.08,24.32,86.55,1.39,17.9,2.52
2015-08-18,27.23,31.51,24.23,83.26,1.47,20.99,5.04
2015-08-19,26.96,30.7,23.57,82.36,1.36,21.15,2.67
2015-08-20,27.28,30.56,24.32,84.21,1.32,15.53,1.3
2015-08-21,27.15,29.95,25.22,86.61,1.11,12.08,3.42
2015-08-22,27.44,30.68,25.21,83.15,1.02,19.33,5.07
2015-08-23,26.87,30.57,24.31,87.78,1.65,16.2,21.85
2015-08-24,26.68,29.79,24.1,87.14,1.59,13.15,14.57
2015-08-25,26.2,28.25,24.57,89.69,1.29,12.58,7.35
2015-08-26,26.08,28.79,24.15,89.7,1.21,12.0,3.3
2015-08-27,26.21,29.21,23.57,87.09,1.11,16.12,0.1
2015-08-28,26.3,29.26,23.78,87.95,1.23,18.76,0.16
2015-08-29,27.05,30.82,24.21,86.65,1.49,19.55,0.3
2015-08-30,26.83,30.23,24.38,86.55,1.63,18.73,0.21
2015-08-31,26.53,30.16,23.63,86.03,1.6,18.55,0.03
2015-09-01,27.01,31.27,23.52,83.33,1.41,20.0,0.0
2015-09-02,27.19,31.35,24.07,83.47,1.59,18.21,0.0
2015-09-03,27.01,31.15,23.77,85.52,1.53,18.07,0.01
2015-09-04,26.96,30.42,24.1,87.49,1.25,16.93,1.19
2015-09-05,27.02,30.59,24.38,86.81,1.16,16.25,5.57
2015-09-06,27.37,31.52,24.46,81.99,1.1,13.7,1.29
2015-09-07,26.91,30.99,23.67,83.24,1.26,13.93,1.1
2015-09-08,26.99,30.61,24.1,86.14,1.21,12.28,3.34
2015-09-09,26.44,29.44,24.4,87.07,1.04,4.48,11.24
2015-09-10,26.4,29.18,23.86,84.45,1.06,11.31,5.55
2015-09-11,26.74,30.97,22.79,84.47,1.34,15.68,0.03
2015-09-12,26.65,30.46,23.83,85.62,1.55,13.02,0.78
2015-09-13,26.96,30.57,23.89,86.92,1.14,10.41,0.69
2015-09-14,26.83,29.53,24.73,88.63,1.17,8.86,3.54
2015-09-15,26.06,27.61,24.62,91.46,1.08,10.55,9.09
2015-09-16,26.41,29.44,23.87,89.46,1.33,11.46,6.1
2015-09-17,26.18,28.74,24.4,87.14,1.34,11.93,20.73
2015-09-18,26.54,30.18,23.91,86.61,1.4,12.87,1.84
2015-09-19,26.6,30.21,23.96,88.06,1.24,16.76,0.0
2015-09-20,27.46,32.0,23.77,83.87,0.93,20.5,1.5
2015-09-21,27.51,32.44,23.9,83.44,1.02,19.73,1.15
2015-09-22,27.01,29.96,24.97,87.51,1.14,14.18,5.1
2015-09-23,26.82,29.62,24.95,86.93,1.14,12.66,0.72
2015-09-24,26.95,30.43,24.02,84.73,1.0,9.92,0.0
2015-09-25,26.79,29.8,24.78,87.32,1.06,11.3,0.52
2015-09-26,26.98,31.17,23.57,84.39,1.29,14.67,0.71
2015-09-27,26.9,31.14,23.44,84.6,1.17,10.19,0.02
2015-09-28,26.72,29.86,24.82,87.21,0.93,4.91,2.93
2015-09-29,26.97,29.89,24.87,85.08,0.97,9.72,1.66
2015-09-30,26.95,30.37,24.77,86.14,0.93,8.73,1.8
2015-10-01,27.14,30.52,24.11,85.28,0.82,10.14,3.76
2015-10-02,27.44,31.03,24.97,81.38,0.89,6.33,8.3
2015-10-03,27.09,30.95,23.87,84.54,1.3,10.07,1.26
2015-10-04,26.67,29.95,23.78,87.05,1.29,11.0,0.02
2015-10-05,26.43,29.05,24.53,88.15,0.89,7.92,0.21
2015-10-06,26.63,30.02,24.46,86.27,1.0,10.3,5.53
2015-10-07,27.61,32.07,23.85,81.3,0.9,17.7,14.38
2015-10-08,27.66,32.17,23.69,80.31,0.86,15.22,7.35
2015-10-09,27.19,31.7,23.55,81.82,1.07,18.24,0.15
2015-10-10,27.02,31.5,22.71,81.95,1.17,14.87,0.0
2015-10-11,27.18,31.61,23.79,83.04,1.18,16.06,0.01
2015-10-12,26.99,31.57,23.23,83.31,1.15,12.82,0.11
2015-10-13,27.24,31.56,23.56,83.41,1.03,15.1,1.58
2015-10-14,27.58,32.19,24.09,81.38,1.05,17.91,1.4
2015-10-15,27.43,32.14,23.76,81.53,1.12,16.13,2.18
2015-10-16,27.74,32.55,23.66,78.11,1.02,14.03,4.76
2015-10-17,27.41,31.61,23.67,81.76,1.16,11.69,0.15
2015-10-18,27.52,31.61,24.12,83.49,1.11,10.09,0.13
2015-10-19,27.13,31.59,24.21,84.17,1.37,11.69,0.02
2015-10-20,26.34,30.76,22.96,84.53,1.47,11.81,0.0
2015-10-21,26.59,31.72,22.35,82.78,1.36,13.6,0.0
2015-10-22,26.89,31.57,23.01,83.07,1.29,11.49,0.0
2015-10-23,27.3,31.75,23.56,83.89,1.48,9.18,0.41
2015-10-24,27.46,31.53,24.5,86.09,1.17,6.68,13.46
2015-10-25,27.26,31.29,24.45,85.91,1.07,8.58,18.8
2015-10-26,27.1,30.68,24.51,85.01,0.89,8.16,18.43
2015-10-27,27.64,32.05,24.3,81.23,0.94,11.86,14.88
2015-10-28,26.39,29.73,24.03,87.14,1.34,6.85,41.09
2015-10-29,26.96,31.81,23.67,83.1,1.17,18.68,3.95
2015-10-30,25.67,28.67,23.77,89.29,1.31,16.49,13.98
2015-10-31,25.81,29.36,23.16,88.47,1.2,16.02,18.83
2015-11-01,26.64,30.77,23.75,86.18,1.11,16.12,6.64
2015-11-02,27.08,30.78,24.0,84.12,0.87,18.36,5.32
2015-11-03,27.04,30.72,24.06,85.01,1.08,21.82,4.12
2015-11-04,27.13,30.43,24.25,82.65,0.67,14.09,9.29
2015-11-05,27.3,31.32,24.29,84.35,0.97,18.04,11.75
2015-11-06,27.37,30.72,24.62,82.81,0.81,15.71,5.84
2015-11-07,27.15,31.03,24.85,85.83,0.76,18.36,13.48
2015-11-08,27.44,31.89,24.09,79.49,0.8,17.41,7.01
2015-11-09,27.75,32.0,23.57,79.2,0.67,16.94,1.87
2015-11-10,27.48,31.39,24.24,83.36,0.84,19.63,6.59
2015-11-11,27.03,30.24,24.54,85.29,0.92,17.1,23.32
2015-11-12,27.76,32.62,24.45,82.3,0.74,17.03,3.38
2015-11-13,27.64,31.67,24.46,82.13,0.86,13.38,1.37
2015-11-14,27.14,31.08,24.24,85.65,1.24,19.84,5.41
2015-11-15,27.11,31.35,24.23,86.7,1.13,14.98,15.85
2015-11-16,26.84,29.88,24.71,86.34,0.77,10.28,36.64
2015-11-17,27.31,30.82,23.83,81.31,0.88,16.3,4.54
2015-11-18,27.34,31.15,24.38,83.9,1.1,20.92,0.0
2015-11-19,27.33,31.09,24.36,84.8,1.03,16.51,1.69
2015-11-20,26.93,31.0,24.53,86.67,1.24,15.65,11.32
2015-11-21,26.78,30.3,24.12,86.79,0.89,17.77,4.12
2015-11-22,26.84,29.91,24.63,86.48,0.87,15.57,8.64
2015-11-23,28.17,31.81,24.77,78.94,0.63,19.01,4.53
2015-11-24,27.74,31.77,24.88,83.6,0.67,10.96,16.28
2015-11-25,27.22,30.54,24.68,84.72,0.81,16.82,22.7
2015-11-26,26.37,29.7,24.3,89.86,1.38,13.39,17.46
2015-11-27,26.27,28.64,24.29,90.08,1.08,17.82,2.12
2015-11-28,26.44,28.95,24.74,89.55,0.99,17.79,3.54
2015-11-29,26.53,29.65,24.26,88.69,1.12,16.2,11.6
2015-11-30,27.11,30.89,23.96,81.38,0.96,19.0,4.28
2015-12-01,26.05,29.39,23.92,89.42,1.28,17.2,29.92
2015-12-02,26.88,31.36,22.9,83.68,1.01,15.62,5.28
2015-12-03,27.08,31.37,23.96,85.85,1.27,20.56,0.63
2015-12-04,27.45,31.46,24.19,84.58,1.01,17.31,0.73
2015-12-05,27.16,30.98,24.48,87.69,1.34,18.87,5.52
2015-12-06,26.58,29.47,24.73,91.43,1.49,18.31,6.79
2015-12-07,26.18,29.0,24.22,90.96,1.5,19.87,2.05
2015-12-08,27.02,30.83,24.26,87.44,1.06,18.9,9.8
2015-12-09,27.38,30.87,24.33,85.08,0.92,15.61,2.29
2015-12-10,27.18,30.94,24.46,87.08,1.1,19.69,17.86
2015-12-11,27.05,30.82,24.15,87.42,1.14,12.73,7.9
2015-12-12,26.64,29.81,24.29,88.92,1.02,19.2,40.81
2015-12-13,26.49,28.87,24.19,87.62,0.72,5.94,30.65
2015-12-14,26.57,29.24,24.28,86.54,0.88,16.66,2.64
2015-12-15,26.2,28.99,23.93,87.54,1.14,14.12,0.23
2015-12-16,25.69,28.24,23.38,90.13,1.32,10.38,0.32
2015-12-17,25.75,27.65,24.36,90.01,1.29,12.7,0.29
2015-12-18,25.66,28.74,23.67,89.38,1.85,14.17,2.86
2015-12-19,25.78,29.36,23.17,87.36,1.66,16.33,1.7
2015-12-20,25.63,28.41,23.06,85.93,1.26,17.42,3.64
2015-12-21,26.36,29.96,23.11,84.57,1.14,17.09,3.43
2015-12-22,26.92,30.35,23.99,84.15,1.01,19.68,1.47
2015-12-23,26.68,29.11,24.5,88.5,1.23,19.89,5.45
2015-12-24,27.27,31.77,24.25,85.61,0.69,13.04,12.55
2015-12-25,26.56,29.55,24.53,89.66,1.32,19.66,6.31
2015-12-26,26.34,30.08,24.11,86.59,1.81,21.33,1.44
2015-12-27,26.63,30.58,23.5,88.02,1.68,20.23,0.99
2015-12-28,26.53,30.19,24.39,90.47,1.76,14.49,23.45
2015-12-29,26.25,29.77,24.12,88.4,2.12,13.9,12.26
2015-12-30,25.91,29.85,23.33,87.43,2.02,20.09,3.11
2015-12-31,25.72,29.16,23.05,90.3,1.83,15.28,23.88
2016-01-01,26.13,29.13,24.24,90.56,1.97,9.01,21.73
2016-01-02,26.19,29.56,23.69,89.89,1.65,12.86,20.12
2016-01-03,26.21,29.47,23.61,89.6,1.32,14.72,7.17
2016-01-04,26.69,30.56,24.27,89.11,1.41,20.98,2.93
2016-01-05,26.81,31.03,23.73,88.08,1.56,22.36,0.87
2016-01-06,27.01,30.8,24.35,88.33,1.49,22.07,0.27
2016-01-07,26.64,30.8,23.77,85.78,1.77,20.16,0.04
2016-01-08,26.53,30.82,23.3,86.54,1.67,22.51,0.14
2016-01-09,26.81,30.8,24.07,86.12,1.81,20.91,0.06
2016-01-10,26.68,30.24,23.79,86.15,1.32,20.82,0.0
2016-01-11,27.3,31.54,23.71,84.76,1.24,21.95,0.08
2016-01-12,26.98,31.19,24.11,86.92,1.53,20.24,1.09
2016-01-13,27.2,31.38,24.35,86.91,1.49,20.37,1.25
2016-01-14,26.9,30.52,24.29,89.18,1.42,20.78,2.71
2016-01-15,27.18,30.56,24.72,87.98,0.96,17.64,9.62
2016-01-16,27.76,31.52,24.96,83.77,0.73,18.35,14.36
2016-01-17,27.67,31.57,24.33,84.59,0.91,19.2,9.09
2016-01-18,27.71,31.8,24.41,83.61,0.87,18.82,3.07
2016-01-19,26.7,29.69,24.55,88.87,1.33,15.19,1.04
2016-01-20,26.37,29.58,24.06,86.12,1.13,15.74,0.84
2016-01-21,26.24,29.67,23.79,87.75,1.42,13.47,0.31
2016-01-22,26.59,29.67,24.17,90.34,1.35,19.0,1.7
2016-01-23,26.47,29.26,24.52,91.7,1.67,22.18,1.38
2016-01-24,26.12,28.39,24.69,91.6,1.78,19.93,1.91
2016-01-25,26.18,29.24,24.14,88.15,2.06,16.05,2.14
2016-01-26,26.36,29.54,24.1,89.34,1.75,14.89,4.75
2016-01-27,26.83,30.44,24.34,88.72,1.63,18.24,2.7
2016-01-28,27.22,30.73,24.75,87.66,1.56,20.32,3.2
2016-01-29,26.65,30.13,24.23,89.42,1.52,18.3,6.1
2016-01-30,26.67,30.79,23.96,87.02,1.46,21.12,0.67
2016-01-31,26.53,30.39,23.51,88.22,1.49,20.75,5.5
2016-02-01,26.35,30.54,23.84,87.89,1.86,21.4,3.04
2016-02-02,26.39,30.86,23.37,85.77,1.83,18.65,0.71
2016-02-03,26.69,30.82,23.5,86.81,1.58,19.33,2.18
2016-02-04,26.31,29.09,24.5,91.45,1.63,19.46,6.86
2016-02-05,26.5,28.93,24.91,93.06,1.45,17.22,26.92
2016-02-06,26.99,30.47,24.84,89.1,2.18,15.73,18.99
2016-02-07,25.68,28.12,24.07,91.05,2.61,13.88,14.41
2016-02-08,25.19,28.61,23.11,87.2,2.25,13.66,1.4
2016-02-09,25.49,29.09,22.65,87.65,1.73,16.29,0.82
2016-02-10,25.83,29.32,23.47,90.39,1.55,12.85,4.54
2016-02-11,26.79,30.37,24.05,87.46,1.08,14.22,0.72
2016-02-12,27.01,30.64,24.66,88.22,1.15,18.6,0.96
2016-02-13,26.62,29.75,24.33,90.25,1.36,18.75,5.94
2016-02-14,26.68,30.16,24.26,89.52,1.31,20.19,18.6
2016-02-15,26.68,30.45,24.01,87.86,1.39,21.68,4.94
2016-02-16,26.38,30.36,23.83,86.27,2.12,22.76,0.48
2016-02-17,25.76,30.31,22.71,82.68,2.07,21.35,0.01
2016-02-18,25.99,30.79,22.14,87.26,1.75,20.62,5.88
2016-02-19,26.19,29.6,23.98,89.44,1.55,8.93,31.08
2016-02-20,26.05,29.48,23.52,88.02,2.15,12.03,10.89
2016-02-21,25.73,30.03,22.46,85.03,1.97,21.72,0.05
2016-02-22,25.99,30.81,22.22,84.03,1.6,22.7,0.0
2016-02-23,26.57,31.04,22.98,85.3,1.63,24.48,0.15
2016-02-24,25.82,28.66,23.91,91.03,1.8,21.35,16.11
2016-02-25,25.77,29.55,23.36,85.72,2.36,21.05,1.67
2016-02-26,25.87,30.27,22.85,84.99,1.98,23.2,0.1
2016-02-27,26.0,30.16,22.91,86.1,1.89,23.19,0.04
2016-02-28,26.49,30.64,23.71,86.54,1.96,22.68,0.45
2016-02-29,26.52,30.58,23.92,85.91,2.19,22.64,0.1
2016-03-01,26.28,30.46,23.25,86.19,2.03,23.86,0.8
2016-03-02,26.48,30.9,23.56,85.96,2.11,23.28,0.23
2016-03-03,26.76,31.14,23.88,85.49,1.92,22.83,0.04
2016-03-04,26.73,30.59,23.96,86.24,1.74,21.25,0.53
2016-03-05,27.12,31.59,24.17,86.25,1.65,20.4,0.83
2016-03-06,26.92,31.14,23.96,86.67,1.46,23.47,1.32
2016-03-07,26.8,30.68,23.96,88.1,1.57,19.44,1.9
2016-03-08,27.15,31.5,24.05,85.78,1.16,23.07,2.1
2016-03-09,27.7,32.77,23.52,83.33,1.12,23.23,0.34
2016-03-10,27.52,32.39,23.94,83.89,1.16,23.65,2.02
2016-03-11,27.17,31.72,23.87,85.78,1.36,21.66,2.36
2016-03-12,27.15,31.94,23.25,83.82,1.52,22.52,0.38
2016-03-13,27.15,31.15,24.1,86.69,1.37,22.56,1.27
2016-03-14,27.71,31.71,24.64,85.44,1.01,21.73,0.74
2016-03-15,27.54,32.27,24.18,83.29,1.37,21.42,0.32
2016-03-16,27.06,32.59,22.78,80.81,1.15,20.38,0.11
2016-03-17,27.29,32.37,23.35,82.85,1.48,21.76,0.0
2016-03-18,27.3,32.55,23.2,82.83,1.28,21.25,6.35
2016-03-19,27.5,32.73,23.04,82.37,1.09,21.55,0.23
2016-03-20,27.76,32.48,24.09,84.67,1.25,19.1,1.19
2016-03-21,27.63,31.96,24.71,86.72,0.77,19.65,1.18
2016-03-22,27.74,31.65,25.02,84.44,0.81,16.01,1.01
2016-03-23,28.15,31.32,25.27,82.3,0.98,16.95,0.08
2016-03-24,28.02,32.24,25.11,83.71,0.91,15.42,0.26
2016-03-25,26.21,27.77,24.83,88.8,0.83,20.25,7.65
2016-03-26,27.14,31.31,24.24,83.91,1.86,19.34,0.7
2016-03-27,27.33,31.67,24.46,82.74,1.88,20.24,0.37
2016-03-28,27.13,31.65,23.71,82.47,1.97,23.02,0.46
2016-03-29,27.19,32.06,23.92,81.76,1.8,23.04,0.35
2016-03-30,27.2,32.48,23.31,80.32,1.7,23.04,0.01
2016-03-31,27.32,32.51,23.15,80.27,1.51,23.12,0.15
2016-04-01,27.57,33.0,23.62,80.01,1.55,24.1,0.1
2016-04-02,27.91,33.21,23.62,80.72,1.42,21.94,0.15
2016-04-03,27.4,30.92,24.74,86.02,1.09,20.96,4.1
2016-04-04,27.8,31.66,24.88,84.68,1.19,22.04,1.42
2016-04-05,27.55,31.29,24.87,85.91,1.19,14.23,10.12
2016-04-06,28.03,33.11,23.9,80.53,1.12,20.33,4.37
2016-04-07,28.04,33.43,23.43,78.63,0.98,18.4,0.29
2016-04-08,28.41,33.68,23.92,78.34,1.08,20.37,0.09
2016-04-09,28.35,33.34,24.55,82.6,1.2,19.32,6.54
2016-04-10,28.53,32.88,25.06,83.58,0.9,20.34,5.86
2016-04-11,27.84,30.3,25.96,86.98,0.94,18.33,1.29
2016-04-12,28.45,32.28,25.68,83.74,1.33,18.57,0.69
2016-04-13,28.37,31.83,25.98,86.46,1.3,19.4,5.7
2016-04-14,28.17,30.88,26.13,84.97,1.13,21.12,6.23
2016-04-15,28.04,31.26,25.88,83.97,1.03,18.54,2.62
2016-04-16,29.58,33.9,26.45,75.09,0.7,21.12,0.45
2016-04-17,28.9,33.46,25.8,81.42,1.09,13.62,1.86
2016-04-18,28.33,32.46,25.31,82.18,0.99,22.48,0.45
2016-04-19,28.83,34.3,24.78,78.96,1.39,22.87,0.0
2016-04-20,28.99,33.98,25.29,78.42,1.3,22.05,0.01
2016-04-21,29.2,34.74,24.97,74.49,1.23,20.34,0.03
2016-04-22,29.04,34.2,25.21,75.97,0.91,18.61,2.05
2016-04-23,28.56,32.64,25.54,81.9,0.97,12.61,3.52
2016-04-24,28.0,30.75,25.65,84.55,0.89,13.05,4.07
2016-04-25,28.77,32.86,26.11,80.86,0.75,14.85,10.6
2016-04-26,28.54,32.3,25.67,81.15,0.97,19.14,4.05
2016-04-27,28.77,32.52,25.9,79.58,0.9,20.4,1.01
2016-04-28,29.64,34.08,26.45,75.13,0.7,18.05,1.98
2016-04-29,29.07,33.84,26.11,78.73,0.8,12.48,7.9
2016-04-30,29.36,34.5,25.65,75.23,0.71,18.6,3.83
2016-05-01,29.27,34.47,25.34,75.7,0.86,19.89,2.75
2016-05-02,28.85,33.47,25.54,79.03,1.22,17.2,0.69
2016-05-03,28.91,34.06,24.81,78.23,1.09,19.32,1.43
2016-05-04,29.27,34.51,25.42,79.09,1.07,21.29,7.94
2016-05-05,29.14,33.84,25.28,77.4,1.0,21.36,3.33
2016-05-06,28.83,33.48,25.54,80.04,0.97,20.71,5.51
2016-05-07,28.52,31.88,25.6,82.66,0.91,20.8,5.72
2016-05-08,29.38,33.72,26.39,75.78,0.81,16.93,1.03
2016-05-09,29.61,34.03,26.56,74.55,0.77,16.41,0.9
2016-05-10,29.68,34.47,25.5,74.83,0.84,19.76,1.52
2016-05-11,29.51,34.12,25.99,77.17,0.67,17.78,3.19
2016-05-12,29.06,32.98,26.17,79.55,0.92,16.25,3.05
2016-05-13,29.09,33.07,26.25,78.33,0.9,18.17,1.9
2016-05-14,29.02,33.56,26.12,78.01,0.96,17.68,4.24
2016-05-15,29.58,34.2,25.86,74.92,0.71,17.77,5.44
2016-05-16,29.81,35.42,26.69,74.9,0.61,18.01,6.49
2016-05-17,29.81,33.73,27.03,75.19,0.7,20.55,2.2
2016-05-18,28.9,32.28,26.36,81.17,0.95,4.04,10.37
2016-05-19,29.08,33.36,26.2,78.73,1.08,21.38,3.07
2016-05-20,28.7,31.86,26.53,81.24,0.82,20.1,5.63
2016-05-21,27.26,29.38,25.69,88.48,1.31,11.27,14.73
2016-05-22,28.19,32.13,25.19,80.63,1.05,18.81,2.32
2016-05-23,28.4,31.53,25.99,81.31,0.97,20.52,2.5
2016-05-24,27.82,29.77,26.03,83.22,1.12,12.27,4.62
2016-05-25,28.73,31.95,26.17,81.07,1.05,17.32,13.19
2016-05-26,27.95,30.38,26.32,83.17,1.17,17.08,5.7
2016-05-27,27.52,29.84,26.06,84.81,1.36,19.62,24.99
2016-05-28,27.19,29.61,25.35,86.36,1.2,15.66,6.36
2016-05-29,27.84,30.83,25.54,81.98,1.02,20.3,2.59
2016-05-30,27.09,29.73,25.29,84.53,0.88,18.48,2.28
2016-05-31,28.42,31.9,25.41,74.1,0.49,21.28,0.83
2016-06-01,27.39,30.1,25.42,82.84,0.71,11.73,6.26
2016-06-02,27.95,31.79,25.36,81.12,0.96,19.14,5.59
2016-06-03,28.22,31.32,25.53,78.82,0.96,20.43,3.47
2016-06-04,27.45,30.49,25.09,81.33,0.91,10.53,6.16
2016-06-05,28.11,31.72,25.34,77.02,1.0,18.49,0.19
2016-06-06,27.97,30.95,25.82,79.93,0.99,18.62,0.03
2016-06-07,27.59,30.43,25.13,84.7,1.12,16.4,3.02
2016-06-08,27.54,30.16,25.78,83.48,1.21,12.88,5.89
2016-06-09,28.44,31.37,25.93,76.67,0.94,18.72,3.7
2016-06-10,28.04,31.1,25.83,79.42,0.78,15.96,0.63
2016-06-11,26.84,28.84,25.57,88.41,1.3,14.05,24.63
2016-06-12,26.82,28.74,24.99,84.77,1.03,15.93,20.85
2016-06-13,27.7,30.79,25.51,80.58,0.99,12.56,9.73
2016-06-14,27.52,30.39,25.11,83.76,1.02,17.44,7.9
2016-06-15,26.73,28.37,25.35,87.81,1.24,11.04,5.92
2016-06-16,27.27,30.21,25.07,85.29,1.27,17.65,10.51
2016-06-17,25.67,28.22,24.27,89.23,1.53,4.16,38.71
2016-06-18,26.43,28.75,24.5,83.61,1.08,9.36,0.16
2016-06-19,25.87,28.44,24.52,87.97,0.63,9.85,4.27
2016-06-20,26.66,29.58,24.34,80.71,0.92,17.69,0.63
2016-06-21,27.27,30.18,24.7,81.53,1.21,17.93,0.38
2016-06-22,26.16,28.49,24.76,87.16,1.26,9.63,1.56
2016-06-23,27.2,30.7,24.41,84.46,1.37,18.49,4.34
2016-06-24,26.83,29.46,24.92,84.16,1.22,12.15,13.35
2016-06-25,26.99,29.88,24.82,85.7,1.41,19.29,9.97
2016-06-26,27.18,30.46,24.88,85.31,1.5,16.05,10.77
2016-06-27,27.03,30.17,24.59,82.99,1.26,13.64,0.82
2016-06-28,27.52,31.18,24.21,78.99,1.37,18.38,0.0
2016-06-29,27.78,31.08,25.03,80.32,1.2,21.82,0.0
2016-06-30,28.07,31.78,24.92,81.99,1.03,21.5,2.03
2016-07-01,27.91,31.26,24.97,83.87,1.12,20.34,1.44
2016-07-02,27.38,30.62,24.64,86.04,1.39,18.65,0.0
2016-07-03,27.61,30.69,25.27,85.42,1.22,21.47,0.0
2016-07-04,27.8,31.48,24.79,84.31,1.15,21.84,0.0
2016-07-05,27.62,30.78,25.0,85.98,1.41,21.88,2.77
2016-07-06,27.37,30.13,25.16,87.41,1.27,14.68,4.36
2016-07-07,27.31,29.98,25.28,86.04,1.31,20.06,7.51
2016-07-08,27.22,29.86,25.09,86.34,1.35,10.15,11.6
2016-07-09,27.32,30.53,24.91,85.26,1.37,19.88,2.42
2016-07-10,27.29,29.77,25.2,85.68,1.12,17.71,5.19
2016-07-11,27.12,29.75,25.19,86.24,1.26,19.31,5.68
2016-07-12,27.09,29.56,25.05,87.0,1.11,19.94,1.96
2016-07-13,27.01,29.45,25.52,85.01,1.19,8.46,3.82
2016-07-14,26.56,28.5,25.06,82.25,0.93,10.59,8.92
2016-07-15,27.12,30.13,24.7,81.75,0.94,8.7,1.06
2016-07-16,27.99,32.31,25.25,76.38,0.73,21.12,4.02
2016-07-17,27.24,30.23,23.85,80.18,0.72,19.11,10.3
2016-07-18,26.82,29.75,24.67,84.7,1.08,19.07,21.36
2016-07-19,26.58,29.76,24.11,85.53,1.3,17.12,3.51
2016-07-20,26.2,28.14,24.8,88.48,1.03,9.81,9.27
2016-07-21,26.91,30.1,24.18,84.0,0.87,15.32,1.84
2016-07-22,25.86,27.52,24.42,88.98,0.95,15.1,6.39
2016-07-23,26.3,29.64,23.76,85.0,1.14,18.46,6.2
2016-07-24,26.86,30.0,24.38,83.95,1.1,18.68,13.73
2016-07-25,26.21,28.76,24.42,84.04,1.12,15.95,5.51
2016-07-26,26.24,29.29,24.55,81.43,0.98,10.41,1.78
2016-07-27,26.93,30.99,23.43,80.35,1.09,19.33,0.72
2016-07-28,26.92,29.62,25.1,83.78,1.25,10.85,1.13
2016-07-29,26.89,30.26,24.08,83.22,1.3,18.27,2.83
2016-07-30,27.39,31.12,24.39,80.21,1.0,14.11,2.52
2016-07-31,28.0,31.22,25.55,76.53,0.64,20.6,1.28
2016-08-01,27.24,30.87,24.46,80.72,0.9,12.03,6.88
2016-08-02,26.92,29.59,24.48,83.08,1.29,22.46,4.07
2016-08-03,26.88,29.91,24.85,83.54,1.16,16.18,5.14
2016-08-04,26.22,28.61,24.78,86.12,1.74,20.73,1.16
2016-08-05,26.76,30.16,24.67,84.03,1.39,19.62,0.47
2016-08-06,27.11,29.83,24.8,85.05,1.08,17.32,5.88
2016-08-07,27.08,29.64,24.81,86.91,1.22,20.67,4.97
2016-08-08,27.43,30.28,25.17,83.12,1.13,19.31,0.35
2016-08-09,27.37,30.67,24.64,80.63,1.27,21.01,0.01
2016-08-10,27.58,30.48,25.28,82.11,1.32,21.81,0.06
2016-08-11,26.83,29.26,25.31,85.54,1.26,14.89,5.82
2016-08-12,27.27,30.67,24.78,84.32,1.44,17.7,5.33
2016-08-13,27.21,30.23,25.51,85.08,1.45,20.01,1.93
2016-08-14,27.26,30.42,24.91,82.71,1.6,21.13,0.17
2016-08-15,27.12,29.64,25.23,84.74,1.36,23.3,0.03
2016-08-16,26.99,29.69,24.93,87.85,1.43,20.41,0.0
2016-08-17,26.94,29.33,25.02,90.2,1.46,10.55,9.73
2016-08-18,27.08,29.59,25.29,88.72,1.37,17.6,15.84
2016-08-19,26.91,29.14,25.47,89.05,1.4,17.71,5.49
2016-08-20,27.19,30.1,24.97,85.56,1.39,21.7,1.85
2016-08-21,26.52,28.89,25.14,88.82,1.48,11.2,19.7
2016-08-22,27.22,30.61,24.56,82.11,1.51,17.3,6.4
2016-08-23,27.17,29.44,25.26,84.02,1.21,20.91,5.16
2016-08-24,26.45,28.66,24.99,87.39,1.59,15.73,8.53
2016-08-25,27.46,30.7,24.82,81.89,1.52,19.13,1.09
2016-08-26,27.02,29.52,25.19,85.99,1.51,17.3,7.1
2016-08-27,27.77,30.29,24.93,75.37,0.88,16.97,0.99
2016-08-28,28.05,31.56,25.01,74.86,0.68,17.82,5.44
2016-08-29,27.19,30.39,24.82,85.87,1.08,14.72,15.43
2016-08-30,26.59,28.72,24.88,90.73,1.12,16.07,16.86
2016-08-31,26.84,29.76,24.78,86.44,1.17,17.75,5.07
2016-09-01,27.26,30.22,25.14,84.21,0.92,14.78,9.4
2016-09-02,27.3,30.18,24.77,80.92,1.05,21.31,10.24
2016-09-03,28.56,32.37,25.43,70.29,0.83,21.98,0.34
2016-09-04,28.34,31.79,25.75,75.45,0.63,19.98,0.22
2016-09-05,27.38,30.52,25.13,83.19,0.86,20.8,1.48
2016-09-06,27.36,30.53,24.96,83.74,1.19,21.12,13.03
2016-09-07,26.16,28.43,24.85,88.76,1.61,18.1,11.83
2016-09-08,27.06,30.1,24.7,83.58,1.38,14.98,2.87
2016-09-09,27.12,29.86,24.93,83.23,1.05,4.56,26.38
2016-09-10,26.7,29.65,24.27,86.51,1.03,18.54,12.12
2016-09-11,26.81,29.68,25.02,88.26,1.37,17.49,4.33
2016-09-12,26.12,28.63,24.57,88.74,1.38,7.3,6.25
2016-09-13,26.66,29.78,24.12,84.51,1.16,21.63,3.19
2016-09-14,26.66,29.08,25.11,83.85,1.04,16.64,7.68
2016-09-15,27.28,30.13,24.14,76.95,1.22,21.41,1.94
2016-09-16,27.73,30.92,25.0,79.63,0.96,21.09,3.05
2016-09-17,26.95,30.47,24.38,86.57,1.24,18.89,2.45
2016-09-18,26.86,30.62,24.29,84.52,1.34,20.58,1.68
2016-09-19,26.56,28.75,24.83,88.48,1.39,17.99,2.39
2016-09-20,26.5,28.97,24.78,87.09,1.57,19.25,2.98
2016-09-21,26.96,29.64,24.48,83.92,1.03,14.34,11.68
2016-09-22,26.42,28.91,24.56,85.55,1.23,18.88,5.39
2016-09-23,27.35,30.83,24.38,82.05,1.07,19.72,0.55
2016-09-24,27.91,31.65,25.21,80.29,0.84,23.55,0.72
2016-09-25,28.05,30.67,25.61,78.19,0.75,16.14,4.79
2016-09-26,28.14,30.91,25.31,74.89,0.64,20.13,4.95
2016-09-27,27.1,29.63,24.97,83.96,1.07,17.49,0.98
2016-09-28,27.48,31.4,24.6,82.0,1.45,20.62,0.59
2016-09-29,27.17,30.68,24.65,83.25,1.26,17.64,2.51
2016-09-30,27.53,30.67,24.93,81.23,0.98,21.66,1.63
2016-10-01,27.17,30.23,24.79,82.97,0.89,13.09,4.14
2016-10-02,27.64,31.33,24.73,82.38,1.2,20.24,4.96
2016-10-03,26.74,29.46,24.99,86.74,1.37,10.67,5.19
2016-10-04,28.04,31.82,24.44,78.2,0.91,20.55,0.61
2016-10-05,26.86,29.23,25.16,85.54,1.29,17.48,2.97
2016-10-06,26.55,29.21,24.4,83.24,1.39,16.53,10.35
2016-10-07,25.64,27.72,24.59,87.8,1.48,7.47,22.01
2016-10-08,26.56,29.65,24.12,82.78,1.2,16.29,3.79
2016-10-09,26.4,28.5,24.7,85.32,1.04,18.42,1.12
2016-10-10,27.31,31.7,23.88,82.54,1.29,20.72,1.63
2016-10-11,27.28,31.32,24.53,85.48,1.61,20.86,0.78
2016-10-12,27.19,30.4,24.65,86.1,1.57,18.6,1.56
2016-10-13,26.84,29.58,25.04,88.99,1.8,18.05,7.47
2016-10-14,26.46,29.95,23.8,80.97,2.0,18.69,2.6
2016-10-15,27.19,31.11,23.92,82.42,1.37,20.28,5.14
2016-10-16,26.68,29.16,25.27,88.83,1.45,16.78,6.6
2016-10-17,26.93,30.0,24.46,84.47,1.53,15.44,0.63
2016-10-18,26.91,29.06,24.82,85.17,0.99,21.96,4.47
2016-10-19,27.5,30.95,25.36,79.14,1.09,13.09,6.4
2016-10-20,27.76,31.42,24.3,78.07,0.96,21.79,1.27
2016-10-21,28.2,31.55,25.65,78.86,0.8,14.46,7.14
2016-10-22,26.7,29.44,25.03,85.02,1.08,14.02,7.64
2016-10-23,25.73,27.44,24.7,89.17,1.27,13.81,6.04
2016-10-24,26.54,29.29,24.19,83.14,0.87,13.24,4.45
2016-10-25,26.85,30.25,24.11,83.73,0.9,17.45,23.28
2016-10-26,26.88,30.42,24.43,83.99,1.27,14.37,9.1
2016-10-27,25.97,28.14,24.35,90.12,0.99,12.58,9.21
2016-10-28,26.61,29.75,24.66,87.59,0.67,17.24,16.48
2016-10-29,26.24,28.94,24.61,89.3,1.49,10.41,17.42
2016-10-30,25.96,28.85,23.88,85.49,1.38,13.13,14.61
2016-10-31,26.77,29.52,24.34,82.79,1.19,21.17,4.66
2016-11-01,26.54,29.13,24.11,83.49,1.16,12.63,8.25
2016-11-02,27.19,30.26,24.38,80.32,0.95,18.35,5.62
2016-11-03,26.11,27.77,24.71,89.21,1.0,16.27,9.06
2016-11-04,26.82,30.32,24.57,85.59,1.05,18.13,3.32
2016-11-05,25.92,27.87,24.45,92.07,1.51,8.38,3.41
2016-11-06,26.76,29.5,24.67,86.84,1.37,15.22,2.24
2016-11-07,27.23,30.27,24.95,83.52,0.84,14.11,11.48
2016-11-08,27.76,30.6,25.17,79.19,1.01,20.77,8.74
2016-11-09,27.65,30.17,25.69,78.26,0.79,15.13,14.01
2016-11-10,27.39,30.82,24.33,81.32,0.63,16.33,16.65
2016-11-11,26.58,30.04,24.22,86.25,1.05,10.87,15.22
2016-11-12,26.58,30.48,23.25,85.17,0.96,20.86,1.56
2016-11-13,26.7,30.09,24.03,85.83,1.06,16.08,3.92
2016-11-14,26.48,29.05,24.7,89.68,0.98,5.88,17.07
2016-11-15,25.94,28.27,23.97,89.83,1.07,20.02,29.71
2016-11-16,27.28,30.36,24.35,79.36,0.74,11.82,17.76
2016-11-17,27.5,31.21,24.09,80.68,0.76,21.98,9.73
2016-11-18,27.87,31.37,24.65,80.49,0.73,19.35,12.33
2016-11-19,28.14,31.24,25.35,78.83,0.64,18.81,5.31
2016-11-20,27.04,29.36,25.45,88.5,1.0,13.41,14.72
2016-11-21,26.75,29.54,24.63,87.95,1.16,15.12,4.32
2016-11-22,26.52,28.48,24.76,88.35,1.08,10.33,6.26
2016-11-23,26.57,28.76,24.77,87.06,0.91,19.69,2.58
2016-11-24,26.92,29.57,25.09,83.68,0.63,15.21,5.84
2016-11-25,27.39,31.16,24.53,82.99,0.68,17.7,12.25
2016-11-26,26.77,29.07,24.74,87.61,0.83,17.65,12.22
2016-11-27,26.82,29.63,24.58,88.12,0.75,15.16,4.89
2016-11-28,26.0,28.08,24.53,90.81,1.33,15.77,14.81
2016-11-29,25.56,28.17,24.09,90.54,1.46,10.65,10.93
2016-11-30,25.67,27.95,23.68,90.46,1.24,17.03,1.67
2016-12-01,25.52,28.02,23.93,89.81,1.45,4.21,21.03
2016-12-02,25.98,28.95,23.57,88.14,1.13,13.66,25.86
2016-12-03,26.77,29.39,23.9,81.48,1.15,17.48,1.99
2016-12-04,27.22,30.31,25.09,81.48,1.06,19.9,9.34
2016-12-05,26.88,29.18,24.48,83.9,1.0,17.53,14.25
2016-12-06,28.06,31.84,24.42,77.61,0.66,21.37,3.19
2016-12-07,27.24,30.98,24.94,82.34,1.04,16.48,5.69
2016-12-08,26.42,29.02,24.65,87.74,1.27,18.88,10.76
2016-12-09,26.03,28.06,24.6,88.95,1.14,14.19,11.93
2016-12-10,26.69,29.79,24.39,83.02,0.87,13.8,6.56
2016-12-11,25.26,27.32,24.08,91.17,1.52,10.3,13.43
2016-12-12,25.6,27.9,23.52,90.41,1.61,18.55,6.6
2016-12-13,25.95,28.69,24.02,88.72,1.43,14.41,2.76
2016-12-14,25.95,28.41,24.08,90.23,1.38,19.81,2.83
2016-12-15,26.57,29.42,24.08,86.44,1.17,17.78,0.01
2016-12-16,26.79,29.41,24.67,84.44,0.8,20.51,0.86
2016-12-17,26.38,29.68,24.08,88.89,1.07,16.73,11.84
2016-12-18,26.48,29.37,24.11,88.17,1.2,17.99,4.58
2016-12-19,26.28,28.46,24.45,91.34,1.37,17.47,1.46
2016-12-20,25.73,27.28,24.77,92.34,1.72,18.01,1.67
2016-12-21,26.33,28.74,24.44,90.79,1.2,19.36,2.03
2016-12-22,27.02,30.8,23.69,84.08,0.72,12.15,4.37
2016-12-23,26.94,29.86,25.25,87.09,0.59,15.04,14.96
2016-12-24,25.81,27.33,24.39,93.15,1.06,17.35,10.43
2016-12-25,25.74,27.7,24.25,92.41,1.1,16.68,24.72
2016-12-26,25.52,27.77,24.06,91.87,1.4,15.13,18.37
2016-12-27,24.99,27.27,23.43,92.47,1.42,14.82,18.27
2016-12-28,25.03,27.7,23.41,91.41,1.58,8.53,6.25
2016-12-29,25.48,28.93,23.35,89.21,1.54,18.61,0.08
2016-12-30,25.75,29.83,22.52,89.33,1.54,20.19,2.51
2016-12-31,25.62,27.97,24.14,93.08,1.36,11.43,8.3
2017-01-01,25.87,28.52,24.13,91.72,1.67,16.98,5.03
2017-01-02,26.1,28.99,24.19,90.6,0.88,11.55,18.73
2017-01-03,26.44,28.9,24.74,87.99,0.6,10.9,22.01
2017-01-04,26.1,28.5,24.17,86.46,1.15,14.18,6.59
2017-01-05,26.46,29.48,23.6,81.73,1.18,14.41,1.05
2017-01-06,27.16,30.07,24.35,78.14,0.8,19.78,0.11
2017-01-07,26.93,29.97,23.78,83.06,1.0,21.11,0.86
2017-01-08,27.59,30.72,24.51,77.27,0.9,23.25,1.11
2017-01-09,27.18,30.87,23.42,82.39,0.78,21.25,0.0
2017-01-10,26.71,29.56,24.49,87.65,0.96,19.74,0.03
2017-01-11,26.68,29.32,24.21,87.59,0.99,18.03,2.51
2017-01-12,27.26,30.27,24.34,80.94,0.69,16.45,1.03
2017-01-13,26.73,28.88,24.72,83.3,0.59,19.08,0.22
2017-01-14,26.5,29.47,23.94,86.02,0.97,16.48,1.66
2017-01-15,26.76,29.8,24.29,85.1,1.03,18.08,5.98
2017-01-16,26.02,28.67,24.2,89.26,1.2,19.23,4.14
2017-01-17,26.84,30.02,24.28,82.82,0.66,18.25,4.15
2017-01-18,26.95,31.02,23.61,83.21,0.88,18.3,4.32
2017-01-19,26.43,29.68,23.95,87.6,1.1,19.78,5.55
2017-01-20,26.49,29.43,24.13,85.81,0.75,16.19,6.75
2017-01-21,25.63,27.74,24.33,93.85,1.52,17.55,7.89
2017-01-22,25.43,27.41,24.0,94.85,1.5,15.94,15.73
2017-01-23,25.45,26.95,24.5,94.25,1.53,1.97,45.31
2017-01-24,25.04,26.18,24.16,95.51,1.5,4.26,42.45
2017-01-25,25.07,27.57,23.33,92.19,1.5,15.65,5.37
2017-01-26,25.28,27.71,23.56,91.43,1.3,15.68,3.84
2017-01-27,24.95,27.13,23.53,93.72,1.7,17.34,2.38
2017-01-28,25.07,27.59,23.2,91.82,1.59,15.09,2.74
2017-01-29,24.91,27.19,22.95,90.94,1.29,12.24,0.62
2017-01-30,25.68,28.82,23.35,89.98,1.42,19.02,9.1
2017-01-31,25.79,29.61,23.39,88.28,1.7,16.33,1.76
2017-02-01,25.53,29.45,22.85,87.39,1.44,17.2,0.79
2017-02-02,24.7,26.51,23.31,87.58,0.99,12.29,1.07
2017-02-03,26.25,30.05,23.16,86.23,1.23,21.68,1.88
2017-02-04,26.23,29.55,23.45,87.8,1.01,20.28,2.21
2017-02-05,26.29,29.47,23.89,89.49,1.07,17.13,6.03
2017-02-06,26.55,29.83,23.83,87.98,1.12,19.71,1.24
2017-02-07,25.99,28.7,24.09,89.13,0.9,10.42,22.2
2017-02-08,25.82,30.27,22.32,87.3,1.26,18.86,10.88
2017-02-09,25.76,28.89,23.21,87.81,1.14,18.75,0.11
2017-02-10,25.87,29.51,23.37,87.33,1.84,20.27,0.33
2017-02-11,25.5,29.29,23.08,87.23,2.39,20.55,0.15
2017-02-12,25.08,28.55,22.7,87.52,2.48,16.57,2.54
2017-02-13,25.27,28.86,22.99,88.96,2.41,16.15,5.35
2017-02-14,25.24,28.85,23.07,89.32,2.5,17.01,16.18
2017-02-15,25.01,28.87,22.76,89.38,2.24,14.74,6.27
2017-02-16,25.25,29.48,22.46,86.34,2.0,19.65,0.53
2017-02-17,25.6,29.89,22.67,87.4,1.83,20.61,1.16
2017-02-18,25.86,29.86,23.37,88.31,1.94,16.56,0.8
2017-02-19,26.22,30.14,23.72,88.12,1.84,21.03,0.62
2017-02-20,26.52,30.57,23.34,87.1,1.55,23.02,0.08
2017-02-21,26.48,30.79,23.49,87.26,1.15,13.97,2.12
2017-02-22,26.7,30.87,23.59,84.87,0.95,16.73,2.28
2017-02-23,26.85,31.13,23.54,84.09,0.85,20.09,19.18
2017-02-24,26.43,30.15,23.75,86.68,0.79,8.14,18.95
2017-02-25,26.04,29.16,23.49,88.81,1.21,20.13,4.74
2017-02-26,26.08,29.86,23.84,88.99,1.56,20.22,1.0
2017-02-27,25.77,28.94,23.62,89.16,1.73,19.01,1.63
2017-02-28,25.64,28.81,23.52,88.94,1.9,16.58,23.42
2017-03-01,25.2,27.37,23.78,93.45,1.34,8.54,23.4
2017-03-02,25.01,27.43,23.22,92.53,1.58,17.41,7.9
2017-03-03,25.82,29.17,23.7,90.25,1.94,11.66,15.36
2017-03-04,25.52,28.5,23.62,91.45,1.36,12.52,22.39
2017-03-05,26.24,30.21,23.08,86.85,1.43,20.72,5.45
2017-03-06,26.06,29.76,23.69,88.65,1.39,19.91,2.44
2017-03-07,26.19,30.84,22.5,84.01,1.0,18.94,2.63
2017-03-08,26.11,30.9,22.82,86.51,1.4,21.97,0.48
2017-03-09,25.88,30.63,22.84,85.33,1.6,22.75,0.23
2017-03-10,25.98,30.62,22.62,86.18,1.57,21.25,0.1
2017-03-11,26.66,30.99,23.14,86.43,1.3,22.36,3.46
2017-03-12,26.38,29.92,23.7,85.83,0.8,17.8,5.35
2017-03-13,27.15,30.97,23.93,83.94,0.65,22.57,2.92
2017-03-14,26.6,28.6,24.49,85.22,0.76,7.4,2.7
2017-03-15,27.84,31.31,24.48,76.94,0.74,24.3,0.18
2017-03-16,27.21,30.81,24.03,85.4,0.76,20.43,3.2
2017-03-17,27.27,31.5,24.28,84.73,1.02,19.28,6.15
2017-03-18,26.74,30.39,24.18,86.99,1.02,20.59,5.65
2017-03-19,26.52,31.91,23.23,86.22,1.04,21.28,5.54
2017-03-20,25.75,29.0,22.88,86.39,1.32,9.69,5.34
2017-03-21,26.89,30.72,23.89,85.91,1.26,23.65,3.74
2017-03-22,26.65,30.14,23.83,87.56,1.22,22.56,4.32
2017-03-23,27.28,31.93,24.22,85.09,1.06,22.2,1.8
2017-03-24,26.48,29.6,24.32,85.51,0.69,18.65,22.77
2017-03-25,27.61,31.36,23.94,80.46,0.73,21.89,1.09
2017-03-26,27.35,30.87,24.77,87.34,1.03,19.65,11.33
2017-03-27,27.17,31.32,24.4,86.38,1.43,19.3,5.22
2017-03-28,26.25,28.84,24.56,91.17,1.19,18.57,10.1
2017-03-29,27.32,31.12,23.92,79.86,0.59,19.78,3.35
2017-03-30,26.45,29.55,24.59,87.99,0.71,8.42,13.31
2017-03-31,27.54,30.91,24.34,81.0,0.66,19.25,4.49
2017-04-01,26.99,29.98,24.55,86.28,0.67,11.56,4.27
2017-04-02,25.48,27.35,24.06,91.1,1.33,17.2,5.82
2017-04-03,26.28,29.35,24.17,87.33,1.23,14.33,5.03
2017-04-04,26.76,29.9,24.5,87.14,1.52,21.66,1.51
2017-04-05,26.58,29.11,24.74,89.08,1.49,18.07,1.98
2017-04-06,26.95,30.38,24.62,86.17,1.13,20.43,8.18
2017-04-07,27.21,30.03,24.51,84.92,1.07,22.92,6.26
2017-04-08,27.13,29.77,25.39,86.8,0.94,12.24,8.37
2017-04-09,27.58,31.41,24.86,82.85,0.74,18.42,2.05
2017-04-10,26.77,29.39,24.91,86.0,1.08,16.52,1.19
2017-04-11,27.0,29.53,24.83,86.36,0.86,17.03,5.33
2017-04-12,27.6,31.5,24.88,86.08,0.99,15.57,11.64
2017-04-13,27.1,30.41,24.93,88.2,1.09,18.07,17.27
2017-04-14,27.28,31.79,24.05,83.26,1.11,19.53,1.3
2017-04-15,27.16,31.07,24.23,85.44,1.35,21.82,2.18
2017-04-16,27.59,31.65,24.18,84.1,0.93,20.35,1.19
2017-04-17,28.14,32.08,24.62,81.47,0.83,21.88,1.08
2017-04-18,27.58,31.02,24.61,84.81,0.58,15.02,11.48
2017-04-19,27.93,31.0,25.44,80.39,0.82,18.77,3.23
2017-04-20,27.69,30.92,25.01,83.31,0.77,21.4,1.83
2017-04-21,26.95,29.33,25.17,88.32,1.33,12.56,6.86
2017-04-22,27.87,32.3,25.09,80.74,0.93,17.61,4.9
2017-04-23,27.67,30.34,24.83,81.7,1.07,21.74,11.26
2017-04-24,28.85,32.38,25.9,75.76,0.42,15.79,18.82
2017-04-25,27.59,31.22,25.74,85.31,0.63,14.16,17.4
2017-04-26,27.3,30.9,24.97,85.29,0.71,9.31,22.35
2017-04-27,27.2,30.74,24.37,85.2,1.15,18.21,6.22
2017-04-28,25.98,27.14,25.21,93.14,1.09,17.65,8.68
2017-04-29,27.32,30.45,24.67,83.09,0.75,11.93,3.13
2017-04-30,28.01,31.56,25.33,81.82,0.76,17.79,0.32
2017-05-01,28.28,32.22,24.58,80.85,0.83,22.43,0.74
2017-05-02,28.07,31.52,25.01,81.68,0.78,17.51,1.94
2017-05-03,27.83,30.53,25.17,84.41,0.9,21.3,4.39
2017-05-04,27.69,30.97,25.53,85.47,0.96,19.11,4.67
2017-05-05,28.74,32.32,25.89,77.99,0.75,14.54,4.51
2017-05-06,28.21,30.75,25.79,81.35,0.63,16.63,1.12
2017-05-07,27.37,29.35,25.71,86.04,0.38,7.77,6.08
2017-05-08,27.65,30.41,25.2,83.73,0.85,18.26,2.13
2017-05-09,27.38,29.59,25.57,86.89,1.09,13.35,11.22
2017-05-10,27.43,30.62,25.53,88.0,0.99,5.24,33.36
2017-05-11,26.97,29.64,25.07,87.46,1.1,15.29,3.64
2017-05-12,27.77,31.04,25.16,82.01,0.92,18.86,5.99
2017-05-13,27.73,30.88,24.78,84.49,1.03,19.79,9.09
2017-05-14,27.27,29.42,25.42,90.09,1.15,18.23,7.8
2017-05-15,27.39,29.98,25.38,89.02,1.37,15.85,4.3
2017-05-16,27.36,29.91,25.51,90.01,1.33,18.86,1.67
2017-05-17,27.67,30.56,25.51,89.46,1.47,20.54,3.87
2017-05-18,27.47,30.02,25.69,91.01,1.32,16.13,8.78
2017-05-19,27.27,29.53,25.8,91.03,1.41,20.26,6.44
2017-05-20,27.47,30.33,25.43,87.35,1.21,16.28,3.25
2017-05-21,27.3,29.94,25.56,89.5,1.36,14.72,10.23
2017-05-22,27.14,29.56,25.49,88.26,1.29,20.64,13.24
2017-05-23,27.26,29.13,25.32,89.69,1.3,20.11,5.31
2017-05-24,27.73,30.75,25.92,88.16,1.15,5.59,19.93
2017-05-25,27.35,29.8,25.42,89.98,1.12,18.97,7.89
2017-05-26,27.18,29.49,25.63,90.06,1.17,3.45,20.79
2017-05-27,27.1,29.24,25.33,89.4,0.97,15.86,7.34
2017-05-28,27.36,30.05,25.3,88.61,1.11,12.5,1.57
2017-05-29,27.42,29.96,25.42,89.48,1.08,19.06,2.94
2017-05-30,27.59,30.75,25.39,85.96,0.92,12.46,4.19
2017-05-31,27.6,30.81,25.54,85.61,1.15,17.91,14.24
2017-06-01,27.18,30.4,24.79,84.02,1.03,12.59,5.16
2017-06-02,27.18,30.52,24.46,84.13,1.26,16.12,0.42
2017-06-03,27.4,30.86,24.44,84.79,1.08,20.4,0.39
2017-06-04,27.13,29.59,25.23,90.8,1.37,20.79,5.71
2017-06-05,27.19,29.49,25.41,90.42,1.35,16.05,3.54
2017-06-06,27.51,29.98,25.59,89.05,1.21,17.89,0.29
2017-06-07,27.68,30.17,25.48,84.6,0.83,19.5,0.04
2017-06-08,27.33,29.87,25.42,87.42,1.01,17.55,1.74
2017-06-09,27.72,31.24,24.92,86.5,1.32,19.4,1.71
2017-06-10,27.29,29.73,25.27,88.81,1.13,12.56,9.88
2017-06-11,26.96,28.91,25.46,88.72,1.15,17.97,6.18
2017-06-12,27.48,30.55,25.23,84.32,1.01,14.92,0.17
2017-06-13,27.48,30.28,25.12,87.41,1.16,18.83,4.57
2017-06-14,27.1,29.42,24.96,86.41,1.23,18.25,3.13
2017-06-15,27.45,30.3,24.49,83.24,0.91,18.55,0.9
2017-06-16,27.45,31.08,24.53,84.21,0.96,18.94,11.32
2017-06-17,27.71,31.19,24.06,81.88,0.91,12.28,8.17
2017-06-18,26.82,29.28,25.05,86.86,1.36,11.76,13.62
2017-06-19,26.76,29.49,23.89,79.75,1.23,19.29,3.33
2017-06-20,27.58,30.73,25.38,78.91,0.89,18.05,1.72
2017-06-21,27.01,29.49,25.13,85.27,1.1,9.61,7.46
2017-06-22,27.13,29.83,25.0,85.35,1.11,16.57,7.68
2017-06-23,26.38,28.82,25.13,89.06,1.06,9.38,11.69
2017-06-24,27.5,31.07,24.56,79.42,1.01,18.43,1.9
2017-06-25,28.21,31.98,25.54,77.3,0.57,12.48,10.75
2017-06-26,27.91,31.75,24.52,77.5,0.5,18.99,19.7
2017-06-27,27.57,30.48,25.4,79.49,0.59,13.12,1.49
2017-06-28,28.33,32.02,24.96,78.03,0.72,20.75,3.34
2017-06-29,27.75,30.87,25.37,81.7,0.79,11.59,7.87
2017-06-30,27.28,30.71,24.59,83.22,1.06,20.87,1.11
2017-07-01,26.76,29.43,24.8,88.69,1.35,16.09,3.47
2017-07-02,27.09,30.04,24.68,87.16,1.24,18.3,5.68
2017-07-03,26.94,29.96,24.56,86.16,1.1,12.88,4.12
2017-07-04,26.82,28.97,24.93,86.24,1.25,22.57,0.56
2017-07-05,26.42,28.58,24.74,89.09,1.24,11.88,12.42
2017-07-06,26.58,29.67,24.26,87.54,1.46,14.19,5.85
2017-07-07,26.32,29.0,24.51,87.14,1.44,21.62,21.64
2017-07-08,26.55,29.53,24.32,85.82,1.22,19.29,8.98
2017-07-09,26.02,28.22,24.38,88.97,1.37,18.24,2.42
2017-07-10,27.13,30.09,24.59,81.15,1.05,18.21,4.2
2017-07-11,26.62,29.21,24.59,87.1,1.23,18.29,21.22
2017-07-12,25.81,27.97,24.28,88.92,1.44,10.08,4.44
2017-07-13,26.07,28.39,24.22,89.91,1.51,17.43,7.38
2017-07-14,25.82,28.23,24.2,87.21,1.36,15.31,6.55
2017-07-15,25.97,29.14,23.82,84.72,1.53,16.61,0.61
2017-07-16,26.33,29.41,24.05,86.06,1.78,21.07,0.01
2017-07-17,26.29,28.92,24.15,86.54,1.56,19.84,0.0
2017-07-18,26.33,28.71,24.53,90.89,1.51,17.72,0.0
2017-07-19,26.38,28.95,24.35,88.47,1.25,20.08,0.48
2017-07-20,26.47,29.1,24.5,88.97,1.25,12.41,1.78
2017-07-21,26.65,29.13,24.59,89.66,1.22,19.6,0.21
2017-07-22,27.27,30.61,24.67,87.35,1.48,20.02,0.0
2017-07-23,27.27,31.06,24.43,86.99,1.31,21.73,0.39
2017-07-24,27.05,30.45,24.5,88.67,1.48,20.87,0.36
2017-07-25,27.05,30.15,24.52,88.92,1.49,20.05,5.09
2017-07-26,26.9,29.8,24.83,89.8,1.51,12.13,4.7
2017-07-27,26.95,29.69,25.04,88.82,1.59,20.38,2.77
2017-07-28,26.8,29.62,24.63,86.77,1.5,13.96,1.72
2017-07-29,26.89,29.95,24.17,84.82,1.36,20.19,1.76
2017-07-30,27.09,29.71,25.32,90.59,1.4,18.55,20.65
2017-07-31,27.03,29.67,25.09,90.01,1.47,17.15,18.89
2017-08-01,26.94,29.32,24.92,91.05,1.44,17.03,11.64
2017-08-02,27.04,29.88,24.81,87.5,1.59,12.76,10.82
2017-08-03,26.89,29.73,24.65,84.78,2.04,20.9,0.69
2017-08-04,26.86,30.05,24.51,84.42,1.83,17.77,0.57
2017-08-05,27.28,30.43,25.15,85.91,1.74,18.67,3.75
2017-08-06,26.66,28.8,25.21,91.52,1.54,14.73,14.58
2017-08-07,26.59,29.07,24.82,90.52,1.3,12.78,8.06
2017-08-08,26.24,28.59,24.67,91.0,1.28,6.67,13.2
2017-08-09,26.24,28.71,23.92,87.03,1.2,18.2,6.35
2017-08-10,27.14,30.13,24.95,82.79,1.04,19.84,34.01
2017-08-11,26.71,29.18,24.77,84.75,0.88,11.14,22.38
2017-08-12,26.0,27.92,24.29,86.31,0.87,10.75,17.14
2017-08-13,26.0,28.52,24.24,86.07,0.95,15.23,16.28
2017-08-14,26.24,28.9,23.87,85.12,1.24,19.09,4.26
2017-08-15,25.75,27.66,24.43,88.49,1.11,10.0,20.75
2017-08-16,27.02,29.96,24.04,79.88,0.95,19.0,4.15
2017-08-17,27.22,31.03,24.77,81.65,0.62,13.26,11.47
2017-08-18,26.63,29.43,24.09,85.99,0.89,16.32,7.31
2017-08-19,26.55,29.35,24.38,89.47,1.51,16.48,2.01
2017-08-20,26.98,30.03,24.53,88.34,1.27,21.8,0.27
2017-08-21,26.78,29.8,24.74,88.93,1.35,18.24,4.66
2017-08-22,26.2,28.61,24.4,89.01,1.34,16.44,3.08
2017-08-23,26.99,30.37,24.23,86.66,1.53,21.28,3.17
2017-08-24,26.85,30.01,24.28,87.26,1.44,16.58,1.32
2017-08-25,26.73,29.62,24.67,87.58,1.43,17.54,1.75
2017-08-26,26.65,29.37,24.6,88.42,1.31,14.78,6.68
2017-08-27,26.53,29.19,24.69,89.8,1.5,11.79,10.75
2017-08-28,26.79,29.79,24.39,86.94,1.26,18.34,13.41
2017-08-29,26.97,29.87,25.07,84.29,1.01,14.65,6.66
2017-08-30,26.37,28.89,24.23,86.52,1.15,17.82,3.62
2017-08-31,27.09,30.65,24.34,83.87,1.37,19.42,2.01
2017-09-01,27.01,30.51,24.25,87.09,1.37,14.11,0.57
2017-09-02,27.36,30.61,24.53,85.09,1.01,20.7,1.76
2017-09-03,26.98,29.68,24.89,87.3,1.39,19.71,2.59
2017-09-04,27.11,30.81,24.43,85.07,1.33,18.8,1.02
2017-09-05,26.87,30.05,24.5,86.64,1.32,15.8,10.53
2017-09-06,26.77,30.04,24.44,87.83,1.33,16.13,9.81
2017-09-07,27.03,30.27,24.19,86.48,1.27,18.22,1.37
2017-09-08,27.21,30.88,24.34,87.53,1.25,19.92,6.28
2017-09-09,27.11,30.53,24.56,86.02,1.24,16.8,12.85
2017-09-10,26.92,29.72,24.96,86.07,1.32,12.03,9.92
2017-09-11,26.66,29.28,24.01,83.52,1.04,9.82,16.73
2017-09-12,27.39,31.26,24.29,80.34,0.94,21.14,1.29
2017-09-13,27.54,31.45,23.9,82.76,1.09,21.43,5.72
2017-09-14,27.04,29.39,25.4,85.56,1.02,12.39,10.36
2017-09-15,26.36,28.47,24.82,89.1,1.17,12.55,17.3
2017-09-16,26.29,28.43,24.58,88.45,1.19,15.78,16.23
2017-09-17,26.95,30.35,24.42,87.2,1.67,19.5,4.02
2017-09-18,26.53,29.56,24.58,88.46,1.29,15.59,8.58
2017-09-19,27.68,31.27,24.07,78.95,0.51,17.52,6.57
2017-09-20,26.65,29.34,24.65,85.92,1.03,12.61,9.49
2017-09-21,25.98,28.59,23.74,83.19,1.54,21.62,2.72
2017-09-22,26.79,29.53,24.33,82.2,1.19,19.63,0.7
2017-09-23,26.31,28.82,24.87,88.68,1.48,16.97,5.89
2017-09-24,27.12,30.57,24.45,83.33,1.34,20.67,0.22
2017-09-25,26.78,29.22,24.86,85.92,1.21,11.36,3.07
2017-09-26,28.02,31.16,25.66,78.11,0.69,13.32,5.89
2017-09-27,27.23,29.57,24.83,84.29,0.74,16.78,1.57
2017-09-28,27.4,30.19,25.31,83.69,0.56,16.59,5.03
2017-09-29,26.87,29.32,24.97,84.9,0.98,16.03,6.32
2017-09-30,27.12,30.69,24.15,82.42,1.07,19.75,3.81
2017-10-01,27.02,29.59,25.17,86.24,0.97,14.13,6.83
2017-10-02,26.44,29.22,24.36,86.52,1.13,17.34,0.55
2017-10-03,27.15,29.6,25.41,81.63,0.98,15.94,12.45
2017-10-04,26.51,29.26,24.41,85.97,1.2,7.96,7.51
2017-10-05,27.14,30.55,24.83,84.38,1.05,21.65,7.8
2017-10-06,27.94,32.24,24.19,82.02,0.88,21.56,1.9
2017-10-07,28.36,32.96,24.73,78.63,0.54,21.46,4.74
2017-10-08,26.98,30.41,24.72,85.43,1.06,19.99,7.87
2017-10-09,27.67,31.59,24.6,83.86,1.08,19.5,8.77
2017-10-10,26.65,29.36,24.75,87.49,1.66,20.77,14.83
2017-10-11,26.96,29.7,24.78,85.73,1.3,19.99,9.78
2017-10-12,26.64,29.65,24.96,87.61,1.05,7.56,10.0
2017-10-13,26.29,29.77,23.53,81.82,1.21,13.06,12.41
2017-10-14,26.93,29.42,24.47,84.0,1.2,15.06,0.04
2017-10-15,27.46,30.18,25.12,83.09,1.22,22.19,0.62
2017-10-16,27.3,29.91,25.27,82.45,1.1,18.58,1.55
2017-10-17,27.8,31.7,24.35,77.18,1.25,23.87,0.0
2017-10-18,28.44,32.26,25.3,72.67,0.88,23.77,0.0
2017-10-19,27.73,30.92,24.85,80.08,1.03,19.67,1.61
2017-10-20,27.93,30.69,25.2,80.56,0.9,18.47,3.72
2017-10-21,28.24,30.9,25.75,78.97,0.74,20.11,4.59
2017-10-22,27.51,30.77,25.62,84.87,1.25,18.49,4.08
2017-10-23,27.75,30.32,25.11,82.54,0.88,14.04,1.57
2017-10-24,28.03,30.68,25.61,79.3,0.67,17.43,4.83
2017-10-25,28.39,32.24,25.4,77.01,0.62,19.24,8.51
2017-10-26,27.9,30.6,25.64,81.28,0.77,16.2,8.52
2017-10-27,26.49,29.16,24.79,88.94,1.19,13.58,3.6
2017-10-28,27.01,30.25,24.45,86.22,1.28,21.76,2.39
2017-10-29,26.76,29.98,24.84,89.76,0.73,13.88,10.01
2017-10-30,26.43,29.74,24.52,88.9,0.68,18.39,28.24
2017-10-31,25.51,27.12,23.9,90.5,1.11,10.3,7.87
2017-11-01,26.79,29.47,24.3,84.28,0.79,18.22,2.93
2017-11-02,26.97,30.14,24.21,83.59,1.14,15.5,6.11
2017-11-03,26.51,29.23,24.77,86.3,1.27,16.18,9.1
2017-11-04,26.28,28.89,24.35,87.6,1.19,18.75,14.48
2017-11-05,26.74,29.35,24.56,85.84,1.04,18.39,22.21
2017-11-06,27.57,30.37,24.52,80.76,0.77,14.79,11.89
2017-11-07,26.85,30.56,24.59,86.52,0.75,11.0,28.62
2017-11-08,26.34,28.39,24.7,87.14,1.03,12.48,8.3
2017-11-09,26.49,29.86,24.17,86.76,0.93,14.68,10.03
2017-11-10,27.47,31.61,23.78,80.19,0.74,14.48,28.49
2017-11-11,26.97,30.09,24.88,83.35,0.87,11.16,4.54
2017-11-12,26.64,29.08,24.68,87.88,1.0,16.65,6.53
2017-11-13,27.6,30.16,24.71,81.6,0.84,18.9,10.14
2017-11-14,26.01,27.45,24.55,92.22,1.18,5.65,23.12
2017-11-15,27.14,30.64,23.87,82.55,0.85,20.04,5.01
2017-11-16,27.45,30.83,24.58,83.98,0.79,19.36,6.71
2017-11-17,27.31,30.33,24.61,84.18,0.76,9.34,19.53
2017-11-18,26.88,29.59,24.74,87.53,0.94,19.16,18.33
2017-11-19,27.06,30.16,24.84,84.64,0.95,18.24,4.79
2017-11-20,26.76,29.13,24.48,87.57,0.83,13.57,3.28
2017-11-21,27.15,30.45,25.2,86.85,0.53,5.92,6.75
2017-11-22,27.52,31.16,24.71,82.2,0.89,22.11,4.59
2017-11-23,26.08,28.18,24.52,92.11,1.56,13.04,18.64
2017-11-24,25.6,27.95,23.84,91.27,1.36,18.91,12.86
2017-11-25,25.83,28.42,24.12,90.14,1.3,16.62,2.02
2017-11-26,25.56,27.61,24.1,92.36,1.29,11.86,11.7
2017-11-27,25.28,27.24,24.07,93.5,1.41,7.99,10.22
2017-11-28,25.73,28.37,23.4,88.88,1.46,12.39,1.61
2017-11-29,25.62,26.97,24.71,94.8,1.52,15.4,3.48
2017-11-30,26.2,28.8,24.4,90.53,1.47,17.02,4.29
2017-12-01,26.13,28.79,24.32,89.62,1.2,20.37,1.67
2017-12-02,26.45,28.95,24.05,88.91,1.13,21.63,1.94
2017-12-03,27.42,30.79,24.42,84.17,0.81,17.21,1.93
2017-12-04,28.02,31.68,25.74,80.09,0.63,15.61,2.43
2017-12-05,27.61,30.98,25.12,81.84,0.62,18.53,4.77
2017-12-06,27.34,31.75,24.41,83.84,0.85,16.71,1.37
2017-12-07,26.18,28.17,24.54,89.95,1.02,16.32,3.78
2017-12-08,25.96,28.58,24.32,91.49,1.42,15.66,7.93
2017-12-09,25.07,27.2,23.58,92.82,1.31,10.82,16.89
2017-12-10,26.06,30.11,22.87,87.95,1.42,20.8,25.14
2017-12-11,25.46,27.45,23.94,91.93,1.18,16.84,10.8
2017-12-12,25.99,28.56,23.68,88.98,1.09,9.05,13.91
2017-12-13,26.23,29.07,23.65,87.4,0.81,15.01,23.84
2017-12-14,26.72,29.68,24.42,85.2,0.97,18.96,6.29
2017-12-15,26.86,30.52,23.97,85.37,0.97,18.08,1.96
2017-12-16,26.28,29.31,24.19,87.59,1.2,14.46,2.58
2017-12-17,25.44,27.96,23.72,90.85,1.58,14.99,1.44
2017-12-18,25.56,28.97,23.41,88.1,1.99,20.27,1.76
2017-12-19,25.23,28.67,22.98,89.85,1.96,18.88,3.39
2017-12-20,25.34,29.33,22.27,87.96,1.98,17.07,0.51
2017-12-21,25.45,28.96,22.29,86.59,1.58,16.22,0.19
2017-12-22,26.37,30.23,22.88,85.63,1.41,19.24,10.95
2017-12-23,26.04,27.79,24.85,93.66,1.75,17.39,20.53
2017-12-24,25.47,26.97,24.06,93.52,1.27,9.4,13.18
2017-12-25,26.34,30.04,23.14,85.95,1.16,15.29,12.24
2017-12-26,26.67,30.34,23.94,85.24,0.95,16.69,6.63
2017-12-27,26.67,29.82,23.84,83.73,0.82,14.36,7.78
2017-12-28,26.55,30.23,23.63,87.18,1.2,19.66,1.3
2017-12-29,26.34,29.21,24.28,91.22,1.57,18.76,5.03
2017-12-30,25.89,28.21,24.47,92.56,1.88,10.08,10.53
2017-12-31,25.22,27.53,23.86,93.16,1.8,8.87,33.87
2018-01-01,25.03,26.68,23.49,94.68,1.21,5.07,56.7
2018-01-02,25.4,27.9,23.69,93.47,1.42,11.29,19.46
2018-01-03,25.82,28.45,24.0,92.59,1.3,17.38,8.64
2018-01-04,25.81,28.06,24.09,91.99,1.14,12.85,3.25
2018-01-05,26.04,29.22,23.79,88.34,0.59,10.69,6.47
2018-01-06,27.19,32.41,23.66,82.83,0.7,17.16,0.09
2018-01-07,26.6,29.75,23.93,87.59,0.92,17.74,9.02
2018-01-08,26.71,30.23,23.83,83.89,0.67,15.22,8.38
2018-01-09,26.25,29.53,23.71,88.06,0.94,15.38,6.8
2018-01-10,25.04,26.95,23.5,90.77,1.01,7.98,39.23
2018-01-11,23.98,25.64,22.85,94.48,1.89,6.84,40.04
2018-01-12,23.23,24.78,22.13,95.51,1.53,6.12,64.48
2018-01-13,23.18,25.29,21.68,93.65,1.47,10.34,36.69
2018-01-14,23.44,25.58,22.13,93.51,1.45,10.79,2.84
2018-01-15,23.68,26.18,21.8,90.28,1.31,12.36,1.0
2018-01-16,24.69,27.41,22.68,90.0,1.06,14.97,0.17
2018-01-17,25.11,27.38,23.51,92.47,1.44,17.46,0.13
2018-01-18,25.63,29.14,23.27,89.49,1.54,19.58,0.63
2018-01-19,25.6,28.9,22.62,89.44,1.18,19.5,3.52
2018-01-20,25.8,28.83,23.67,89.72,0.77,15.95,7.55
2018-01-21,25.5,27.79,23.73,91.32,0.99,20.73,2.92
2018-01-22,25.8,28.41,23.51,89.72,0.91,19.45,2.19
2018-01-23,25.62,27.72,23.91,91.51,1.02,14.69,5.86
2018-01-24,25.61,27.94,24.15,91.64,0.93,16.0,15.55
2018-01-25,25.76,28.61,23.45,88.59,0.91,16.45,5.64
2018-01-26,25.71,28.1,23.75,89.22,1.0,18.96,3.68
2018-01-27,26.1,28.68,24.02,86.91,1.11,18.7,2.55
2018-01-28,26.0,29.45,23.41,88.22,0.97,18.85,10.85
2018-01-29,26.63,30.01,23.81,84.23,1.06,18.56,5.63
2018-01-30,26.26,29.42,23.76,88.32,1.03,20.64,4.98
2018-01-31,25.98,29.29,23.77,90.66,1.39,22.04,4.71
2018-02-01,26.09,29.35,23.93,90.4,1.53,23.2,5.99
2018-02-02,25.65,28.75,23.8,92.15,1.59,11.84,13.67
2018-02-03,25.5,29.14,23.32,89.3,2.04,21.89,2.82
2018-02-04,25.15,28.84,22.8,88.19,2.22,19.49,2.97
2018-02-05,24.73,28.76,22.2,87.83,2.09,19.47,0.72
2018-02-06,24.48,28.46,21.69,86.25,2.07,21.1,0.01
2018-02-07,24.63,28.96,21.59,86.13,1.84,12.63,0.0
2018-02-08,24.44,29.11,21.03,85.17,1.78,21.55,0.07
2018-02-09,24.4,29.54,20.35,83.29,1.76,24.1,0.01
2018-02-10,24.46,29.4,20.69,85.03,1.84,21.69,0.08
2018-02-11,24.44,29.48,20.84,83.69,1.95,20.45,0.06
2018-02-12,24.45,28.9,21.1,85.89,2.16,22.38,0.07
2018-02-13,25.0,29.2,21.98,88.29,1.6,22.76,0.75
2018-02-14,25.57,29.67,22.96,87.8,1.87,19.82,0.72
2018-02-15,25.68,29.6,22.98,84.87,1.02,20.08,0.02
2018-02-16,26.41,30.49,22.81,85.2,0.95,18.99,0.01
2018-02-17,25.95,29.49,23.3,86.08,1.04,21.34,2.23
2018-02-18,26.1,31.22,22.14,83.47,1.18,21.59,1.23
2018-02-19,26.07,31.24,21.94,85.84,1.44,22.88,0.35
2018-02-20,25.96,30.87,22.46,84.11,1.44,22.89,0.25
2018-02-21,26.07,30.98,22.47,85.89,1.37,23.46,0.75
2018-02-22,26.26,31.31,22.54,85.46,1.53,19.58,0.65
2018-02-23,26.02,29.66,23.5,89.59,1.56,19.26,13.82
2018-02-24,25.14,27.62,23.54,92.69,1.68,9.18,12.07
2018-02-25,25.89,29.97,23.05,87.57,1.56,18.28,0.55
2018-02-26,25.91,30.12,23.09,85.4,1.75,20.46,0.0
2018-02-27,26.15,30.46,22.88,86.79,1.54,20.74,0.0
2018-02-28,26.93,31.59,23.27,84.61,1.31,22.89,0.01
2018-03-01,26.55,30.28,23.8,86.54,1.15,18.1,0.41
2018-03-02,27.02,31.33,23.54,85.65,1.04,19.26,0.4
2018-03-03,26.06,28.44,23.92,88.52,1.07,21.23,3.56
2018-03-04,27.07,31.46,23.09,83.62,0.81,21.06,1.13
2018-03-05,27.03,31.32,24.01,85.09,1.25,20.08,2.05
2018-03-06,27.08,30.76,23.85,83.82,0.83,21.27,1.44
2018-03-07,26.29,29.52,23.81,88.4,1.03,10.37,8.3
2018-03-08,26.0,28.94,24.09,91.12,1.51,20.06,12.38
2018-03-09,26.51,30.68,23.76,85.96,1.87,23.22,3.6
2018-03-10,26.03,29.6,23.43,87.22,2.11,12.69,8.12
2018-03-11,25.89,29.92,22.71,86.61,1.87,21.34,1.17
2018-03-12,26.21,29.91,23.85,86.71,1.89,19.8,1.27
2018-03-13,26.38,30.37,23.68,87.56,1.59,16.85,8.97
2018-03-14,26.85,31.56,23.36,83.09,1.14,21.5,0.24
2018-03-15,27.29,32.37,22.73,81.82,0.82,22.41,0.0
2018-03-16,27.23,31.15,23.96,85.5,1.11,22.26,2.58
2018-03-17,27.24,31.68,23.87,84.1,1.07,22.9,1.14
2018-03-18,26.5,30.47,23.68,86.67,1.47,21.47,0.29
2018-03-19,27.39,32.4,23.37,82.03,1.15,23.53,0.12
2018-03-20,27.28,31.88,23.8,83.99,1.11,20.6,0.84
2018-03-21,26.84,30.37,24.11,83.27,0.86,20.86,4.49
2018-03-22,26.78,31.13,24.16,84.22,1.71,21.31,0.01
2018-03-23,26.53,31.62,22.32,82.33,1.44,21.85,0.01
2018-03-24,26.48,31.48,22.36,83.55,1.64,21.66,0.61
2018-03-25,26.38,29.84,24.02,87.48,1.17,11.17,3.57
2018-03-26,26.16,29.37,24.0,89.9,1.26,20.0,14.68
2018-03-27,26.07,28.83,23.88,88.38,1.09,4.78,9.12
2018-03-28,26.86,30.85,23.95,83.97,0.93,22.36,8.36
2018-03-29,27.6,31.56,23.99,81.23,0.71,16.41,3.44
2018-03-30,27.21,30.47,25.41,82.3,0.46,20.63,1.57
2018-03-31,27.71,31.03,24.57,79.24,0.59,21.41,4.41
2018-04-01,26.94,30.62,24.06,85.22,1.15,20.58,2.45
2018-04-02,26.77,30.41,24.2,84.21,1.11,15.82,0.27
2018-04-03,27.12,31.88,23.78,82.75,1.29,17.03,0.02
2018-04-04,26.88,31.87,23.14,82.09,1.3,22.57,0.05
2018-04-05,27.13,32.51,22.97,82.16,1.2,21.94,1.47
2018-04-06,27.18,32.27,23.42,82.46,1.24,20.68,3.81
2018-04-07,26.75,31.66,23.33,83.71,1.44,17.59,0.89
2018-04-08,26.8,31.26,23.81,84.74,1.74,15.54,2.11
2018-04-09,26.66,30.5,24.14,86.83,1.84,21.91,3.13
2018-04-10,27.45,32.09,24.1,84.08,1.17,17.95,0.3
2018-04-11,27.09,31.83,23.25,83.83,1.37,20.32,0.04
2018-04-12,27.53,32.31,23.92,82.95,1.1,22.18,0.13
2018-04-13,27.26,31.17,24.49,87.19,1.25,21.16,5.21
2018-04-14,26.93,29.97,24.71,87.91,1.03,14.13,11.64
2018-04-15,27.39,31.89,23.89,83.27,0.94,18.95,14.32
2018-04-16,27.09,30.64,24.19,84.59,0.91,8.78,15.62
2018-04-17,27.32,31.43,23.92,82.54,1.14,20.76,8.45
2018-04-18,26.76,30.44,24.09,88.1,1.54,20.91,6.26
2018-04-19,26.91,30.54,24.24,88.83,1.23,19.77,12.51
2018-04-20,27.25,30.73,24.65,86.88,1.16,19.41,23.55
2018-04-21,26.86,30.09,24.58,88.62,1.05,19.87,23.54
2018-04-22,27.94,32.07,24.56,83.75,0.89,19.26,9.76
2018-04-23,27.9,31.54,24.92,83.98,0.76,16.85,10.02
2018-04-24,27.55,30.83,25.07,83.57,1.13,16.57,2.78
2018-04-25,27.77,30.64,24.97,80.56,0.95,22.04,1.12
2018-04-26,27.86,30.63,25.37,81.77,0.81,18.29,5.31
2018-04-27,27.64,30.73,24.93,81.45,0.69,14.95,7.73
2018-04-28,28.11,32.28,24.51,81.45,0.87,21.28,4.31
2018-04-29,27.5,30.26,25.16,88.43,1.14,19.5,1.33
2018-04-30,27.44,30.04,25.31,89.29,1.12,15.55,2.8
2018-05-01,27.15,29.82,24.96,87.87,1.07,9.28,3.47
2018-05-02,27.99,32.18,24.74,81.67,0.87,17.55,1.47
2018-05-03,27.85,32.48,23.9,80.45,0.85,20.8,12.71
2018-05-04,28.14,32.45,24.35,79.62,0.72,18.7,8.71
2018-05-05,27.58,30.8,25.26,84.77,1.05,18.1,4.33
2018-05-06,27.6,31.43,24.34,84.72,1.04,17.85,0.17
2018-05-07,27.67,31.6,24.28,83.65,1.21,20.92,2.18
2018-05-08,27.67,31.92,24.34,82.92,1.37,21.8,1.34
2018-05-09,27.75,32.06,24.32,82.76,1.45,21.8,0.37
2018-05-10,27.39,31.57,24.1,84.85,1.21,21.14,1.05
2018-05-11,27.98,32.5,23.93,78.42,0.81,17.65,1.0
2018-05-12,27.44,31.44,24.44,83.64,1.06,11.84,18.01
2018-05-13,27.39,31.3,24.05,85.09,1.06,16.45,13.9
2018-05-14,27.74,31.56,24.6,84.18,0.96,17.51,1.21
2018-05-15,27.38,30.2,25.22,86.28,0.99,17.16,1.59
2018-05-16,27.88,30.9,25.2,82.69,0.83,16.38,1.67
2018-05-17,28.19,31.44,25.47,79.12,0.81,19.47,0.56
2018-05-18,28.83,33.88,25.02,76.95,0.75,16.05,15.26
2018-05-19,28.61,32.42,25.39,76.4,0.49,18.56,9.54
2018-05-20,28.78,33.04,25.1,75.12,0.68,8.72,3.15
2018-05-21,28.36,32.39,24.64,78.82,0.75,19.16,5.38
2018-05-22,28.27,31.51,25.44,80.44,0.89,14.59,1.87
2018-05-23,27.45,30.38,25.05,84.54,0.92,6.91,38.64
2018-05-24,27.73,32.23,24.17,80.93,0.96,18.99,4.89
2018-05-25,27.79,32.21,24.41,83.33,1.1,19.81,1.74
2018-05-26,27.83,31.31,25.01,81.59,0.61,13.85,6.54
2018-05-27,27.72,31.09,24.54,82.47,0.73,9.56,8.3
2018-05-28,27.48,31.16,25.68,86.8,0.69,13.67,9.32
2018-05-29,28.07,31.56,25.39,82.4,0.66,16.3,7.11
2018-05-30,27.53,30.92,25.34,86.7,0.84,15.93,8.39
2018-05-31,26.79,28.8,25.32,87.43,0.95,11.67,6.88
2018-06-01,26.78,29.41,24.73,86.29,1.16,15.37,12.95
2018-06-02,26.74,28.66,24.42,83.25,0.85,12.26,4.88
2018-06-03,27.9,31.07,25.47,81.15,0.85,16.16,2.21
2018-06-04,28.07,31.57,25.4,82.93,1.01,21.14,1.44
2018-06-05,27.71,30.32,25.24,86.13,1.19,20.71,0.16
2018-06-06,27.95,30.9,25.37,86.47,1.17,20.59,1.98
2018-06-07,28.08,31.21,25.92,86.69,1.15,18.11,3.52
2018-06-08,27.07,29.37,25.32,88.54,1.42,17.41,2.86
2018-06-09,27.49,30.46,25.29,75.79,1.22,19.46,0.13
2018-06-10,27.37,30.18,25.26,88.69,1.52,17.19,0.2
2018-06-11,27.18,29.68,25.29,89.87,1.4,16.77,0.2
2018-06-12,27.15,29.79,25.16,88.12,1.29,15.54,0.21
2018-06-13,27.38,29.78,25.33,86.92,1.11,10.59,4.25
2018-06-14,27.0,29.49,25.02,88.48,1.17,17.03,14.82
2018-06-15,26.34,27.95,25.15,92.29,1.52,8.28,13.17
2018-06-16,27.0,30.09,24.67,87.14,1.35,18.15,6.11
2018-06-17,27.49,31.11,25.06,84.26,1.01,10.49,11.66
2018-06-18,27.32,31.54,25.43,84.49,1.13,7.79,7.4
2018-06-19,26.68,29.54,24.63,87.37,1.32,17.48,4.86
2018-06-20,26.73,29.37,25.07,88.29,1.05,5.99,15.06
2018-06-21,26.87,29.46,24.89,88.45,1.06,12.65,9.47
2018-06-22,27.5,31.41,25.31,84.08,1.02,16.84,11.4
2018-06-23,27.06,30.31,24.93,86.6,1.05,7.17,26.47
2018-06-24,26.18,28.82,24.07,86.58,1.33,17.74,10.78
2018-06-25,25.53,27.27,24.13,90.0,1.16,12.0,4.41
2018-06-26,26.67,30.39,23.89,82.55,1.02,10.9,5.16
2018-06-27,25.62,27.94,24.16,87.34,1.07,9.23,7.63
2018-06-28,26.28,29.51,23.92,85.48,1.1,21.41,4.77
2018-06-29,25.31,27.87,23.7,89.69,1.3,7.95,8.23
2018-06-30,25.72,28.49,23.63,87.93,1.46,17.37,2.07
2018-07-01,25.76,27.87,24.3,91.58,1.36,10.57,6.81
2018-07-02,26.25,29.25,23.86,84.86,1.09,17.48,3.07
2018-07-03,25.9,28.2,24.5,90.05,1.31,14.24,5.47
2018-07-04,26.62,29.76,24.35,85.51,1.39,18.12,0.7
2018-07-05,26.64,29.88,24.07,86.48,1.46,18.62,0.03
2018-07-06,26.13,28.58,24.21,88.61,1.31,16.78,8.25
2018-07-07,26.61,29.58,24.27,86.92,1.18,15.11,8.45
2018-07-08,26.52,29.19,24.44,88.52,1.39,16.49,8.29
2018-07-09,26.06,28.06,24.73,90.88,1.45,16.2,11.68
2018-07-10,25.88,28.14,24.33,87.94,1.33,10.98,4.62
2018-07-11,26.31,28.9,24.03,84.1,1.06,16.15,0.0
2018-07-12,26.58,29.11,24.43,86.17,1.12,17.64,0.82
2018-07-13,26.75,29.87,24.53,89.53,1.41,19.03,2.28
2018-07-14,26.91,29.74,24.95,87.16,1.5,17.36,4.52
2018-07-15,26.3,28.46,24.91,88.79,1.38,19.74,3.99
2018-07-16,26.65,29.75,24.36,86.8,1.51,19.01,0.01
2018-07-17,26.7,29.76,24.35,89.13,1.6,18.29,0.12
2018-07-18,26.68,29.04,24.99,91.1,1.51,14.86,2.79
2018-07-19,26.86,29.55,25.0,90.68,1.6,16.48,11.78
2018-07-20,26.85,29.68,25.26,86.62,1.39,19.04,6.08
2018-07-21,27.05,29.55,25.28,84.62,0.92,19.24,0.1
2018-07-22,26.64,29.49,24.67,87.67,1.4,9.28,0.45
2018-07-23,26.45,29.11,24.41,90.36,1.36,17.79,4.57
2018-07-24,26.91,29.82,24.56,89.55,1.35,18.0,9.67
2018-07-25,26.62,28.8,25.05,88.49,1.07,9.73,13.84
2018-07-26,27.01,30.36,24.61,85.27,1.22,20.61,0.73
2018-07-27,27.51,31.38,24.56,85.05,1.4,20.96,0.87
2018-07-28,27.39,30.53,24.94,85.31,1.46,16.29,1.46
2018-07-29,27.0,29.68,24.84,87.42,1.3,16.96,5.52
2018-07-30,26.2,28.35,24.86,88.67,1.16,15.78,6.19
2018-07-31,26.72,29.29,24.55,82.88,0.68,9.23,2.86
2018-08-01,26.74,29.39,24.76,79.38,0.42,9.12,2.54
2018-08-02,26.09,29.2,24.25,85.68,1.56,14.0,0.22
2018-08-03,26.62,29.77,24.17,85.54,1.32,16.44,0.01
2018-08-04,26.54,29.52,24.38,89.07,1.41,18.12,5.29
2018-08-05,26.46,29.41,24.29,89.72,1.46,17.87,3.57
2018-08-06,26.37,28.91,24.23,88.93,1.39,17.52,3.88
2018-08-07,26.16,28.61,24.52,89.4,1.52,18.54,4.43
2018-08-08,26.0,28.34,24.38,89.0,1.27,13.75,2.21
2018-08-09,26.16,28.64,24.34,89.04,1.37,14.52,0.08
2018-08-10,26.42,28.96,24.53,89.77,1.4,18.42,0.5
2018-08-11,26.61,29.15,24.86,89.74,1.42,22.76,0.54
2018-08-12,26.81,29.77,24.59,87.37,1.51,22.01,0.16
2018-08-13,26.95,29.81,24.82,87.97,1.49,23.21,0.01
2018-08-14,27.17,30.17,25.05,88.24,1.58,20.32,0.07
2018-08-15,27.08,30.08,24.93,88.52,1.43,19.86,1.36
2018-08-16,27.46,31.15,24.37,84.82,1.17,19.86,0.53
2018-08-17,26.78,29.29,24.91,88.49,1.48,14.49,0.73
2018-08-18,26.86,29.34,25.34,89.75,1.72,20.15,2.73
2018-08-19,27.06,30.27,24.87,89.16,1.69,15.98,6.11
2018-08-20,27.12,30.51,24.18,85.56,1.32,19.22,0.64
2018-08-21,27.18,30.15,24.89,86.11,1.25,21.07,1.01
2018-08-22,26.78,29.36,25.28,89.04,1.6,14.2,9.08
2018-08-23,26.74,29.53,25.04,83.75,1.53,23.05,4.93
2018-08-24,26.62,29.64,24.39,85.8,1.4,15.01,8.72
2018-08-25,26.2,28.97,24.02,85.7,1.42,22.32,6.05
2018-08-26,26.86,30.54,24.05,84.21,1.37,23.89,1.84
2018-08-27,26.49,29.29,24.4,90.42,1.44,16.13,10.84
2018-08-28,26.79,29.81,24.61,87.49,1.25,15.72,5.2
2018-08-29,26.29,28.21,24.71,87.78,1.18,12.34,14.02
2018-08-30,27.28,31.34,24.46,80.79,1.17,19.39,4.66
2018-08-31,26.77,30.29,24.02,85.89,1.16,17.11,9.06
2018-09-01,27.07,30.37,24.54,81.68,0.83,21.09,3.1
2018-09-02,27.09,31.23,24.99,82.2,0.93,11.86,17.29
2018-09-03,26.45,29.37,24.0,85.35,1.41,17.25,3.72
2018-09-04,26.23,28.58,24.46,83.13,1.22,15.24,11.39
2018-09-05,26.99,29.81,24.13,78.39,0.95,18.85,7.85
2018-09-06,26.77,29.91,24.12,83.27,0.83,15.62,16.13
2018-09-07,26.05,28.38,24.56,86.96,1.15,8.4,8.04
2018-09-08,26.08,28.84,24.0,86.72,1.31,12.34,9.09
2018-09-09,26.11,28.69,24.02,87.1,1.2,11.0,15.44
2018-09-10,26.36,29.23,24.37,86.71,1.18,18.41,9.92
2018-09-11,26.12,28.75,24.35,85.75,1.13,8.39,1.6
2018-09-12,26.22,29.43,23.59,86.88,1.47,21.68,6.0
2018-09-13,27.12,30.99,24.0,80.23,1.24,20.5,1.04
2018-09-14,27.21,31.0,24.19,81.22,1.42,19.71,2.08
2018-09-15,26.86,30.06,24.21,84.17,1.45,13.03,1.85
2018-09-16,25.94,28.97,24.29,85.93,1.63,5.73,3.87
2018-09-17,26.33,29.7,23.92,84.75,1.56,13.44,1.62
2018-09-18,26.87,30.2,24.53,81.24,0.94,13.99,11.92
2018-09-19,26.73,30.81,23.78,84.3,1.21,15.67,11.95
2018-09-20,27.25,31.04,23.89,81.44,0.61,21.68,12.62
2018-09-21,26.46,29.62,24.03,86.29,0.91,19.07,12.74
2018-09-22,26.83,29.82,24.31,84.03,0.89,18.63,4.06
2018-09-23,27.56,31.79,24.82,79.09,1.27,21.63,0.3
2018-09-24,26.96,31.23,23.51,84.05,1.3,21.71,0.11
2018-09-25,27.06,31.42,23.12,84.47,1.3,20.45,0.2
2018-09-26,27.11,31.09,24.07,85.69,1.32,19.25,0.84
2018-09-27,27.57,31.83,24.62,81.84,1.2,21.88,0.63
2018-09-28,27.24,31.52,24.0,83.97,1.4,21.97,0.07
2018-09-29,27.29,32.04,23.49,81.24,1.33,20.8,0.05
2018-09-30,27.51,32.03,23.8,83.73,1.41,21.25,0.25
2018-10-01,27.57,32.16,24.3,83.11,1.61,19.16,0.65
2018-10-02,27.7,32.3,23.58,79.52,1.05,19.12,0.26
2018-10-03,27.94,31.97,24.49,79.64,0.97,19.76,3.8
2018-10-04,27.45,31.73,23.92,84.14,1.51,16.83,0.59
2018-10-05,27.39,31.27,24.43,84.38,1.33,19.11,0.63
2018-10-06,26.65,29.83,24.58,87.89,1.14,17.21,1.51
2018-10-07,26.1,29.5,23.82,87.09,1.26,17.86,16.6
2018-10-08,27.19,32.67,23.76,82.33,1.02,19.47,17.63
2018-10-09,26.88,30.43,23.64,82.15,0.64,15.97,10.77
2018-10-10,26.88,30.46,23.79,82.36,0.75,14.07,16.97
2018-10-11,26.3,30.53,23.48,86.85,1.23,17.6,26.09
2018-10-12,27.09,31.57,23.5,78.78,0.76,12.8,10.34
2018-10-13,25.87,27.78,23.97,87.85,1.06,13.74,12.5
2018-10-14,26.15,29.06,23.97,85.03,1.16,8.57,4.22
2018-10-15,26.96,30.03,23.96,79.9,0.93,21.65,5.46
2018-10-16,27.29,30.88,24.19,78.77,0.9,14.49,7.82
2018-10-17,27.39,31.02,24.81,80.78,0.94,20.36,10.93
2018-10-18,26.56,29.41,24.25,84.52,1.04,12.9,9.32
2018-10-19,26.34,29.5,23.88,85.03,1.27,20.79,0.68
2018-10-20,27.12,30.44,24.36,81.75,1.1,23.3,1.57
2018-10-21,27.25,30.61,24.33,83.08,1.1,19.24,7.64
2018-10-22,27.3,31.42,23.9,82.61,1.07,21.79,3.15
2018-10-23,27.54,31.21,24.53,79.5,0.74,17.15,11.96
2018-10-24,27.12,30.56,23.86,80.74,0.95,20.2,2.87
2018-10-25,27.75,31.48,24.04,77.76,0.69,18.73,5.89
2018-10-26,27.78,31.54,25.14,79.81,0.71,18.15,1.61
2018-10-27,27.28,30.83,24.27,84.76,0.89,17.84,5.86
2018-10-28,27.41,32.15,24.1,82.1,0.97,18.56,2.17
2018-10-29,27.35,32.12,23.64,85.01,1.18,21.19,3.05
2018-10-30,26.98,30.17,24.83,89.32,1.21,19.81,8.39
2018-10-31,26.11,28.8,24.36,91.44,1.3,14.76,5.31
2018-11-01,26.36,29.99,23.87,88.23,1.6,18.12,7.66
2018-11-02,26.61,30.44,24.02,87.59,1.33,13.77,9.81
2018-11-03,27.01,31.03,23.75,83.07,0.97,14.51,7.48
2018-11-04,26.5,29.84,24.03,88.12,1.2,17.89,7.59
2018-11-05,26.39,29.54,23.9,87.4,1.07,13.04,8.04
2018-11-06,25.71,27.91,23.94,90.2,1.27,16.68,13.98
2018-11-07,26.61,30.81,23.15,84.08,1.0,14.78,7.95
2018-11-08,27.23,30.4,23.65,83.21,0.95,20.92,11.4
2018-11-09,27.82,31.42,24.75,82.54,0.59,17.02,8.78
2018-11-10,27.65,30.55,25.7,82.65,0.59,18.39,3.75
2018-11-11,26.98,29.81,25.06,86.54,0.87,16.87,3.22
2018-11-12,27.32,30.86,25.23,84.37,0.64,17.24,5.37
2018-11-13,26.79,29.76,24.49,82.75,0.93,18.09,7.47
2018-11-14,27.32,30.76,24.32,80.53,0.82,14.63,4.23
2018-11-15,27.0,31.3,24.64,86.22,0.98,8.88,14.43
2018-11-16,26.75,29.6,24.09,85.65,1.14,19.73,3.22
2018-11-17,26.67,29.59,23.99,88.35,0.99,14.18,3.61
2018-11-18,26.71,29.6,24.73,87.63,1.01,14.55,6.56
2018-11-19,26.78,29.68,24.5,82.33,0.94,18.94,7.74
2018-11-20,26.88,29.99,24.5,84.03,1.02,18.37,8.7
2018-11-21,26.63,29.76,24.31,87.81,1.27,13.32,22.38
2018-11-22,25.1,27.13,23.74,88.51,1.15,18.31,15.6
2018-11-23,26.0,29.76,23.03,84.34,1.3,18.37,7.6
2018-11-24,27.08,30.61,23.41,82.17,0.99,20.2,1.64
2018-11-25,26.36,27.68,24.9,87.42,0.94,16.16,2.27
2018-11-26,26.73,28.9,24.24,86.4,0.94,19.68,6.09
2018-11-27,27.36,30.48,24.28,81.35,0.57,9.92,2.61
2018-11-28,26.75,29.77,24.01,87.18,1.13,19.44,15.1
2018-11-29,26.64,29.77,24.75,89.8,1.38,18.96,7.89
2018-11-30,26.03,28.32,24.34,92.44,1.17,16.75,11.21
2018-12-01,26.06,28.87,24.34,91.58,1.41,18.58,15.19
2018-12-02,26.05,29.45,23.77,88.66,1.41,19.09,5.74
2018-12-03,26.32,29.38,23.91,91.12,1.14,15.97,2.83
2018-12-04,26.78,29.92,24.41,88.43,1.08,19.32,8.81
2018-12-05,26.52,29.89,24.33,90.15,1.18,17.24,4.75
2018-12-06,26.83,30.17,24.08,86.88,0.96,14.45,15.28
2018-12-07,26.39,29.8,23.87,87.05,1.15,15.74,7.37
2018-12-08,26.59,30.55,23.59,86.53,1.07,13.56,1.78
2018-12-09,26.96,31.03,23.75,86.21,0.99,15.42,1.14
2018-12-10,26.91,30.48,24.25,87.0,1.05,16.83,4.73
2018-12-11,26.29,28.69,24.6,91.15,0.9,12.14,12.81
2018-12-12,25.97,28.41,24.05,90.22,0.99,15.67,14.32
2018-12-13,25.72,28.04,23.92,90.56,1.1,8.99,10.22
2018-12-14,25.5,27.5,23.9,94.56,1.18,12.29,9.68
2018-12-15,26.43,29.96,23.85,86.14,0.78,16.5,12.67
2018-12-16,26.53,29.84,24.1,87.38,1.15,17.95,31.63
2018-12-17,27.5,32.1,24.11,83.23,0.65,16.86,11.34
2018-12-18,27.13,30.61,24.48,85.63,0.92,17.82,3.53
2018-12-19,27.28,30.56,24.46,85.4,0.77,20.18,16.4
2018-12-20,27.19,31.19,25.12,80.63,0.96,19.68,5.34
2018-12-21,26.43,29.33,24.36,87.66,1.27,18.22,3.52
2018-12-22,26.21,29.64,23.9,88.33,1.32,18.89,2.23
2018-12-23,26.69,30.55,23.2,82.89,0.92,17.26,0.48
2018-12-24,27.09,30.44,23.99,82.54,0.99,19.79,0.23
2018-12-25,26.61,29.17,24.33,88.82,1.33,18.1,3.12
2018-12-26,26.12,28.5,24.39,91.24,1.54,18.39,7.83
2018-12-27,25.66,27.46,24.38,91.24,1.28,12.28,3.55
2018-12-28,26.68,29.89,23.91,86.44,1.32,19.84,1.26
2018-12-29,26.66,29.39,24.89,86.22,1.12,12.47,2.21
2018-12-30,26.8,30.17,24.03,88.23,1.12,20.37,1.08
2018-12-31,26.6,29.78,24.5,89.73,1.46,15.23,16.52
2019-01-01,26.49,30.32,23.9,86.96,1.46,19.1,8.56
2019-01-02,26.62,30.06,23.82,87.41,1.59,16.72,4.74
2019-01-03,26.73,29.36,24.97,89.11,2.08,20.1,0.04
2019-01-04,26.64,29.33,24.81,88.55,1.57,21.48,0.07
2019-01-05,27.19,31.83,23.52,83.16,0.89,21.18,0.24
2019-01-06,26.76,30.4,24.41,88.89,1.59,20.64,0.8
2019-01-07,26.67,30.34,24.11,88.17,1.95,18.9,0.33
2019-01-08,26.3,29.01,24.59,90.52,1.49,17.63,4.42
2019-01-09,26.31,29.4,24.27,90.32,1.66,19.71,0.36
2019-01-10,26.57,30.05,24.43,87.24,1.78,19.71,0.77
2019-01-11,26.25,30.35,23.31,86.52,1.82,19.66,1.28
2019-01-12,26.28,30.82,22.83,85.9,1.64,21.89,0.13
2019-01-13,26.28,29.9,23.62,87.84,1.55,19.85,3.71
2019-01-14,26.12,29.13,24.04,89.8,1.57,20.01,4.05
2019-01-15,26.51,30.67,23.39,85.28,1.47,16.36,0.38
2019-01-16,26.46,30.27,23.29,86.93,1.45,18.46,2.89
2019-01-17,25.9,28.85,24.0,91.52,1.46,17.63,31.88
2019-01-18,25.64,28.41,23.56,89.72,1.93,13.33,19.25
2019-01-19,25.93,30.19,22.87,86.93,1.87,19.0,0.32
2019-01-20,26.39,30.59,23.59,86.41,1.88,19.31,0.11
2019-01-21,26.19,29.9,23.36,87.07,1.6,16.38,7.38
2019-01-22,25.72,29.22,23.42,88.53,1.59,18.97,0.78
2019-01-23,26.03,29.98,23.52,87.02,2.06,20.16,0.48
2019-01-24,25.67,29.84,22.96,85.12,1.98,16.93,0.22
2019-01-25,25.46,29.46,22.78,85.58,1.81,17.72,0.01
2019-01-26,25.18,28.36,22.52,86.17,1.8,17.08,0.08
2019-01-27,25.92,28.77,23.65,88.83,1.7,17.81,0.24
2019-01-28,25.66,28.31,23.98,91.3,1.54,15.07,2.98
2019-01-29,25.86,29.17,23.76,90.24,1.64,20.11,2.53
2019-01-30,25.72,28.95,23.82,88.75,1.7,18.01,0.17
2019-01-31,25.82,29.16,23.59,88.54,1.45,20.55,2.02
2019-02-01,26.36,30.68,23.25,86.4,1.72,22.22,0.39
2019-02-02,26.63,30.88,23.68,86.45,1.58,20.41,0.04
2019-02-03,26.63,30.68,23.8,87.77,1.52,20.44,1.09
2019-02-04,26.8,30.89,23.89,86.58,1.6,22.31,0.94
2019-02-05,26.3,30.93,22.7,84.78,1.48,21.24,0.08
2019-02-06,25.95,31.02,22.17,83.43,1.56,23.75,0.0
2019-02-07,26.02,31.17,21.72,84.31,1.52,22.74,0.48
2019-02-08,26.68,31.53,22.44,82.61,1.23,22.77,0.25
2019-02-09,26.79,30.95,23.52,85.14,1.12,22.3,0.42
2019-02-10,26.42,30.83,23.22,85.97,1.53,22.21,2.74
2019-02-11,25.07,30.09,21.6,82.43,1.93,24.04,0.12
2019-02-12,26.24,31.48,22.21,83.38,1.44,22.63,0.0
2019-02-13,26.52,30.54,24.04,87.72,1.78,22.46,2.55
2019-02-14,26.53,30.94,23.78,84.59,1.93,21.48,0.51
2019-02-15,25.89,30.26,22.83,82.16,1.82,21.68,0.0
2019-02-16,25.9,30.0,22.2,83.24,1.51,21.38,0.0
2019-02-17,26.58,30.82,22.74,84.7,0.92,16.03,6.53
2019-02-18,27.39,31.28,24.22,82.36,0.73,14.58,9.11
2019-02-19,26.49,29.67,23.94,87.39,1.2,21.24,3.08
2019-02-20,26.9,31.56,23.4,84.9,1.3,21.64,2.72
2019-02-21,26.58,31.35,23.03,84.77,1.64,22.37,0.55
2019-02-22,26.8,31.91,22.99,84.13,1.29,23.42,0.0
2019-02-23,26.4,31.61,22.2,80.2,1.41,23.32,0.0
2019-02-24,26.45,31.9,22.06,82.3,1.43,22.15,0.03
2019-02-25,26.62,31.77,22.52,82.88,1.42,23.95,0.73
2019-02-26,26.9,31.56,23.75,84.75,1.84,19.97,0.71
2019-02-27,26.9,31.36,23.95,82.76,1.95,22.98,0.05
2019-02-28,26.68,31.35,23.33,83.77,1.75,19.18,1.26
2019-03-01,26.6,31.75,23.13,81.81,1.83,22.17,0.28
2019-03-02,26.34,31.76,22.22,80.48,1.58,22.14,0.07
2019-03-03,26.39,32.22,21.33,80.61,1.33,22.24,0.04
2019-03-04,26.34,31.67,22.01,81.17,1.4,19.41,0.03
2019-03-05,26.83,32.26,21.69,80.93,1.15,20.36,0.0
2019-03-06,26.13,28.62,24.16,85.29,1.24,16.35,0.07
2019-03-07,27.56,31.39,24.53,78.88,0.84,18.54,0.05
2019-03-08,27.39,31.78,24.43,82.39,1.12,19.97,0.29
2019-03-09,27.6,32.95,23.11,80.51,1.08,21.57,0.29
2019-03-10,27.23,31.7,23.85,83.73,1.14,21.92,3.54
2019-03-11,27.25,30.4,24.88,80.72,0.79,19.14,13.1
2019-03-12,27.69,31.95,24.29,79.12,0.82,20.09,3.27
2019-03-13,27.55,31.5,24.39,82.57,1.12,22.27,0.52
2019-03-14,26.91,32.25,23.32,81.21,1.46,22.18,0.07
2019-03-15,26.38,31.56,22.5,79.51,1.48,24.84,0.0
2019-03-16,26.76,32.29,22.18,80.57,1.45,22.88,0.0
2019-03-17,26.69,32.5,22.9,77.1,1.5,23.4,0.0
2019-03-18,26.93,32.97,22.33,77.35,1.33,24.61,0.0
2019-03-19,27.33,33.15,22.18,77.65,1.35,24.45,0.0
2019-03-20,27.68,32.38,24.17,80.5,1.25,22.7,7.94
2019-03-21,27.35,31.8,24.22,83.9,1.32,17.51,15.65
2019-03-22,27.35,31.16,23.87,81.26,0.95,20.72,8.56
2019-03-23,28.51,33.26,24.33,77.46,0.74,21.85,0.07
2019-03-24,28.48,33.04,24.61,77.88,0.58,19.98,0.0
2019-03-25,27.04,30.66,24.99,83.97,1.18,21.98,4.5
2019-03-26,27.28,31.47,24.65,86.16,1.53,20.58,15.63
2019-03-27,27.83,32.9,23.91,80.43,1.38,21.84,0.59
2019-03-28,27.67,30.89,25.03,83.59,0.73,16.72,7.28
2019-03-29,28.66,32.71,25.59,75.91,0.58,20.9,6.91
2019-03-30,27.82,30.72,25.68,79.78,0.75,9.76,15.02
2019-03-31,27.71,31.1,24.96,81.25,0.91,21.51,6.29
2019-04-01,26.42,27.83,25.24,86.4,1.2,17.22,6.95
2019-04-02,27.53,31.22,24.22,81.22,0.74,18.51,9.37
2019-04-03,28.05,31.7,25.14,79.6,0.57,16.79,9.23
2019-04-04,27.66,31.84,24.33,83.01,1.24,22.38,3.15
2019-04-05,27.27,32.52,23.46,81.18,1.4,19.61,1.18
2019-04-06,26.96,32.54,22.94,79.6,1.28,22.01,0.41
2019-04-07,27.76,33.45,22.71,76.66,0.98,24.36,0.02
2019-04-08,28.12,33.21,23.81,80.11,1.17,20.82,0.22
2019-04-09,27.82,31.79,24.93,80.84,1.06,16.84,5.48
2019-04-10,28.28,32.19,24.62,81.38,0.7,19.35,9.57
2019-04-11,28.22,31.95,25.69,79.31,0.8,14.1,5.23
2019-04-12,28.11,31.83,25.14,80.07,1.08,20.69,2.18
2019-04-13,28.02,31.35,25.52,81.41,1.0,21.02,0.32
2019-04-14,27.92,31.14,25.43,83.78,0.98,6.01,2.04
2019-04-15,28.8,33.87,24.96,79.1,0.84,21.4,4.03
2019-04-16,28.88,33.57,25.05,78.88,0.86,19.97,3.83
2019-04-17,28.78,33.95,24.64,77.78,0.94,20.93,0.16
2019-04-18,29.05,34.37,24.55,75.68,0.68,21.27,0.17
2019-04-19,29.25,34.49,24.67,76.99,0.61,20.88,6.56
2019-04-20,28.86,33.08,26.49,81.15,0.44,16.52,17.34
2019-04-21,28.9,33.53,25.56,79.7,0.83,18.41,1.59
2019-04-22,28.49,33.29,24.89,81.59,1.16,14.38,3.8
2019-04-23,28.68,33.28,24.97,80.97,0.96,10.18,7.23
2019-04-24,28.54,32.13,26.02,79.34,0.91,16.88,2.53
2019-04-25,29.08,34.07,24.97,78.9,0.71,20.0,8.65
2019-04-26,27.81,30.85,25.85,86.74,0.74,5.88,35.23
2019-04-27,26.84,28.85,25.21,87.26,1.12,14.11,4.63
2019-04-28,28.95,33.24,25.54,73.12,0.85,18.0,0.19
2019-04-29,28.39,32.64,24.91,84.13,1.04,17.02,4.37
2019-04-30,28.82,33.28,25.09,81.61,0.9,16.73,5.63
2019-05-01,28.7,32.97,25.59,79.25,1.06,18.27,5.45
2019-05-02,28.99,32.46,25.83,79.52,0.8,19.87,4.46
2019-05-03,29.7,32.92,26.59,74.02,0.52,21.52,5.19
2019-05-04,29.56,32.89,26.6,74.38,0.39,19.26,8.5
2019-05-05,27.8,31.04,25.38,83.26,1.41,17.67,2.81
2019-05-06,28.12,32.23,25.28,80.85,1.48,23.66,0.24
2019-05-07,28.57,33.03,25.05,79.64,1.25,20.33,0.58
2019-05-08,28.13,31.87,25.81,83.85,1.25,11.57,3.13
2019-05-09,27.94,31.05,25.82,85.73,1.18,21.16,4.71
2019-05-10,28.15,31.56,25.77,82.74,1.16,20.98,0.46
2019-05-11,28.5,31.55,26.14,81.07,0.84,15.98,1.58
2019-05-12,28.82,32.44,26.37,76.96,0.84,15.03,2.84
2019-05-13,29.05,33.26,26.26,76.71,0.83,13.37,1.97
2019-05-14,27.9,30.66,26.2,85.32,1.03,13.88,3.75
2019-05-15,28.63,33.07,25.06,79.91,1.12,13.99,4.54
2019-05-16,27.99,30.86,25.61,79.81,1.04,15.58,6.66
2019-05-17,27.7,31.32,25.53,80.07,1.11,8.54,3.58
2019-05-18,27.78,31.44,25.01,80.31,1.16,20.45,3.86
2019-05-19,27.7,30.95,25.72,82.62,1.19,7.43,4.46
2019-05-20,27.53,30.53,25.23,85.05,1.1,16.45,2.81
2019-05-21,27.3,30.11,25.29,85.7,1.16,14.79,18.81
2019-05-22,27.34,30.2,25.09,86.94,1.19,16.79,12.35
2019-05-23,27.49,30.44,25.09,86.34,1.08,18.27,2.67
2019-05-24,27.97,31.42,25.42,84.09,1.17,20.44,0.7
2019-05-25,27.9,31.44,25.46,85.62,1.34,20.69,1.52
2019-05-26,27.71,30.97,25.26,86.48,1.27,22.46,1.36
2019-05-27,27.9,31.21,25.63,86.95,1.29,19.83,1.17
2019-05-28,28.05,31.8,25.41,84.89,1.36,19.33,0.98
2019-05-29,28.19,32.09,25.51,83.57,1.05,17.28,19.33
2019-05-30,28.08,31.75,25.3,83.13,0.96,15.55,17.96
2019-05-31,28.01,32.2,24.73,81.2,1.02,17.48,11.78
2019-06-01,28.78,34.83,25.39,78.69,0.96,17.54,33.02
2019-06-02,28.25,31.83,25.24,79.78,0.87,17.74,10.64
2019-06-03,27.98,31.56,24.92,82.66,0.89,8.67,15.48
2019-06-04,28.96,33.69,25.6,77.81,0.66,14.59,6.48
2019-06-05,27.82,30.91,25.06,84.38,0.93,12.98,6.71
2019-06-06,27.17,28.93,25.6,86.29,0.83,4.35,20.09
2019-06-07,26.98,29.69,25.14,83.97,1.01,13.02,5.91
2019-06-08,26.95,30.21,23.81,85.86,1.34,17.06,0.6
2019-06-09,27.65,31.07,25.01,85.08,1.19,18.72,0.24
2019-06-10,27.92,31.67,25.17,85.18,1.36,21.18,0.04
2019-06-11,27.98,30.8,25.67,86.62,1.19,16.41,26.63
2019-06-12,27.32,30.05,25.57,89.72,1.63,11.85,21.03
2019-06-13,27.13,29.47,25.4,88.41,1.47,16.09,0.67
2019-06-14,27.68,31.19,24.86,85.57,1.26,17.82,3.04
2019-06-15,27.42,30.43,25.32,85.81,1.19,16.08,4.32
2019-06-16,27.48,30.37,25.29,86.46,1.32,19.87,2.27
2019-06-17,27.36,29.93,25.4,89.04,1.26,12.82,10.15
2019-06-18,27.71,31.45,25.47,84.14,1.09,10.13,18.53
2019-06-19,26.86,29.03,25.1,89.46,1.09,12.09,2.71
2019-06-20,27.18,29.91,25.32,87.88,1.26,18.31,2.03
2019-06-21,28.26,32.2,25.15,82.49,0.75,15.24,7.3
2019-06-22,26.84,29.24,25.25,87.76,1.16,10.91,20.68
2019-06-23,27.03,29.81,24.86,85.54,1.26,20.47,2.58
2019-06-24,27.26,30.26,25.22,87.47,1.56,14.75,3.87
2019-06-25,27.48,30.79,25.43,88.87,1.56,19.06,22.03
2019-06-26,27.26,30.24,24.89,86.25,1.24,16.02,15.25
2019-06-27,27.47,30.61,25.26,84.34,1.11,19.85,3.35
2019-06-28,27.35,30.04,25.25,88.66,1.55,19.05,0.79
2019-06-29,27.24,30.09,25.16,89.42,1.38,16.64,12.08
2019-06-30,27.17,30.22,25.02,88.44,1.23,14.31,9.1
2019-07-01,27.2,30.26,25.03,88.25,1.38,19.51,4.62
2019-07-02,27.2,29.99,24.91,88.21,1.28,18.39,3.64
2019-07-03,27.38,29.85,25.32,87.4,1.13,10.11,1.58
2019-07-04,27.18,30.21,24.9,88.52,1.27,18.29,1.83
2019-07-05,27.21,30.51,24.79,87.55,1.41,20.46,1.21
2019-07-06,27.5,30.83,24.43,84.74,0.99,19.12,14.2
2019-07-07,27.79,31.15,24.98,83.38,1.04,14.77,24.08
2019-07-08,26.92,29.71,24.96,88.34,1.23,18.93,6.02
2019-07-09,26.21,28.26,24.29,87.38,1.29,13.87,3.6
2019-07-10,26.41,30.34,22.97,86.21,1.33,19.82,0.67
2019-07-11,27.11,31.36,23.73,83.84,1.51,22.58,0.04
2019-07-12,27.13,30.84,24.04,84.93,1.52,21.95,0.11
2019-07-13,27.05,29.82,24.79,86.46,1.39,21.32,0.2
2019-07-14,27.22,30.31,24.41,84.99,1.27,17.27,2.58
2019-07-15,26.64,28.83,24.93,87.44,1.19,12.18,8.27
2019-07-16,26.75,29.76,24.6,86.83,1.52,18.78,3.4
2019-07-17,26.93,30.42,24.23,84.56,1.68,18.77,0.56
2019-07-18,27.01,30.76,24.32,84.05,1.82,18.11,0.33
2019-07-19,27.06,30.78,24.38,82.86,1.68,20.78,0.01
2019-07-20,27.04,30.93,23.81,85.14,1.34,20.27,0.0
2019-07-21,27.47,31.29,24.41,83.03,1.16,16.94,0.26
2019-07-22,27.27,30.47,24.59,85.17,1.09,14.53,6.04
2019-07-23,27.37,30.53,24.2,81.23,1.13,12.91,5.74
2019-07-24,26.77,29.25,24.62,86.38,1.21,14.7,14.48
2019-07-25,27.24,30.24,25.26,82.47,0.91,15.82,3.28
2019-07-26,27.33,30.56,24.65,80.58,1.13,20.43,0.09
2019-07-27,26.7,29.42,24.52,86.43,1.14,22.11,4.74
2019-07-28,26.55,29.14,24.37,87.98,1.38,15.36,6.11
2019-07-29,26.98,30.27,24.12,85.56,1.28,21.34,1.31
2019-07-30,27.06,30.39,24.4,86.25,1.41,19.79,0.5
2019-07-31,26.95,30.43,24.57,84.05,1.85,21.2,0.24
2019-08-01,26.83,30.96,23.4,81.31,1.63,21.26,0.02
2019-08-02,26.95,30.62,23.77,82.29,1.49,20.76,0.26
2019-08-03,27.2,30.69,24.26,83.61,1.37,16.6,0.79
2019-08-04,26.77,29.66,24.71,87.22,1.53,16.97,1.28
2019-08-05,26.84,29.82,24.68,86.09,1.66,16.11,0.6
2019-08-06,27.08,30.75,24.49,85.74,1.51,16.94,0.02
2019-08-07,26.95,30.33,24.26,85.36,1.21,17.37,0.37
2019-08-08,27.06,30.71,24.46,84.37,1.6,16.59,2.06
2019-08-09,27.17,30.27,24.39,85.68,1.68,17.57,1.31
2019-08-10,27.18,30.56,24.92,86.69,1.79,14.42,0.11
2019-08-11,27.04,29.85,24.86,87.3,1.45,18.72,0.23
2019-08-12,27.43,31.08,24.81,86.31,1.52,16.95,8.23
2019-08-13,27.27,30.87,24.25,86.81,1.37,16.7,4.52
2019-08-14,27.04,29.65,24.77,87.5,1.19,17.71,0.55
2019-08-15,27.1,30.37,24.94,86.53,1.22,10.62,5.49
2019-08-16,26.84,29.57,24.91,85.95,1.41,14.52,3.03
2019-08-17,26.33,28.55,24.68,91.58,1.44,17.62,5.22
2019-08-18,27.15,31.47,24.22,84.44,1.62,19.99,1.25
2019-08-19,27.03,31.4,23.43,81.39,1.57,18.83,0.01
2019-08-20,27.2,31.14,24.04,84.46,1.63,19.53,1.77
2019-08-21,27.2,31.28,23.89,83.64,1.58,17.91,1.22
2019-08-22,27.22,30.35,25.05,83.11,1.34,15.39,3.19
2019-08-23,27.17,31.06,23.83,83.85,1.63,20.47,0.34
2019-08-24,27.19,31.5,23.64,83.07,1.45,17.51,0.08
2019-08-25,26.9,29.94,24.55,85.06,1.13,8.79,1.81
2019-08-26,27.85,31.41,25.1,77.52,0.47,15.47,9.17
2019-08-27,27.77,32.16,24.69,76.1,0.6,15.15,6.8
2019-08-28,26.64,29.56,24.7,84.01,1.0,11.3,1.86
2019-08-29,27.0,30.37,24.82,84.71,1.6,18.78,3.17
2019-08-30,26.78,29.84,24.46,86.31,1.81,19.31,9.2
2019-08-31,26.75,31.59,23.65,79.74,1.8,20.36,0.01
2019-09-01,27.13,31.56,23.35,79.51,1.45,22.28,1.09
2019-09-02,27.13,30.56,24.73,86.4,1.4,17.5,5.14
2019-09-03,27.24,29.98,25.43,85.84,1.19,16.45,9.33
2019-09-04,27.02,30.03,24.58,86.36,1.37,16.64,1.82
2019-09-05,27.16,30.78,24.34,85.02,1.5,16.55,1.11
2019-09-06,27.31,31.73,23.89,83.58,1.41,21.26,0.19
2019-09-07,27.44,31.91,24.0,83.96,1.68,20.91,0.12
2019-09-08,27.09,31.47,23.21,83.4,1.7,19.78,0.11
2019-09-09,27.09,31.14,23.58,83.76,1.47,16.6,2.22
2019-09-10,26.76,30.32,24.08,87.2,1.51,17.02,1.16
2019-09-11,27.08,31.96,23.28,82.84,1.35,20.5,0.02
2019-09-12,27.07,31.8,23.8,80.46,1.25,17.51,0.02
2019-09-13,27.11,30.91,24.12,84.07,1.2,13.65,5.7
2019-09-14,26.63,28.99,24.83,87.75,1.27,9.95,9.57
2019-09-15,26.69,29.02,24.81,84.47,1.15,11.5,0.79
2019-09-16,26.62,29.88,24.18,83.07,1.23,13.69,0.0
2019-09-17,27.33,31.31,24.47,82.67,1.37,15.36,0.56
2019-09-18,27.04,31.0,24.36,85.78,1.51,13.85,0.41
2019-09-19,26.97,31.85,23.54,84.18,1.53,14.58,0.0
2019-09-20,26.96,31.81,23.12,83.74,1.5,17.22,0.0
2019-09-21,26.7,31.74,22.68,81.13,1.69,16.1,0.0
2019-09-22,26.75,31.65,22.29,79.97,1.49,15.54,0.0
2019-09-23,26.73,30.44,24.16,87.0,1.31,14.29,1.36
2019-09-24,27.27,31.61,24.35,84.89,1.45,18.82,1.38
2019-09-25,26.65,29.72,24.08,86.56,0.99,9.49,22.4
2019-09-26,27.29,31.1,24.06,80.9,0.9,17.0,5.2
2019-09-27,27.62,32.21,23.96,79.71,0.82,17.43,2.97
2019-09-28,28.05,32.4,24.13,78.01,0.84,18.48,2.01
2019-09-29,27.79,31.16,24.74,79.22,0.73,18.38,5.98
2019-09-30,27.39,30.71,25.0,80.26,0.82,11.28,7.3
2019-10-01,26.89,31.09,23.96,82.26,1.3,15.65,2.92
2019-10-02,26.49,30.52,23.95,83.17,1.19,16.66,12.84
2019-10-03,26.65,30.66,23.49,80.12,1.23,18.07,7.22
2019-10-04,27.03,30.9,24.27,80.22,1.2,18.55,5.56
2019-10-05,26.94,31.01,23.69,81.97,1.26,20.62,0.5
2019-10-06,27.08,31.28,23.63,82.5,1.28,20.56,4.48
2019-10-07,26.64,30.39,23.94,85.49,1.21,15.78,12.83
2019-10-08,27.62,31.91,24.11,78.61,0.78,19.76,2.68
2019-10-09,27.62,31.83,23.89,79.5,0.87,21.11,4.15
2019-10-10,27.72,31.8,23.89,78.46,0.84,16.99,8.71
2019-10-11,28.11,32.65,24.01,76.66,0.83,21.48,4.4
2019-10-12,27.92,32.19,24.36,79.16,0.85,19.96,3.27
2019-10-13,27.85,32.26,24.2,80.86,0.97,18.45,10.64
2019-10-14,27.39,30.94,24.32,81.58,0.96,18.54,6.23
2019-10-15,27.4,31.26,24.3,80.08,0.94,20.88,2.06
2019-10-16,27.68,32.02,24.29,80.95,0.88,21.4,0.39
2019-10-17,27.67,31.85,24.62,83.3,0.8,19.76,19.17
2019-10-18,28.19,32.35,24.85,78.18,0.78,16.52,7.89
2019-10-19,27.83,32.41,24.55,80.81,1.14,16.76,3.81
2019-10-20,27.66,32.31,24.05,81.61,1.2,17.59,3.76
2019-10-21,27.65,31.63,24.66,83.29,0.88,16.77,6.92
2019-10-22,26.57,29.78,24.5,88.06,0.93,4.92,26.5
2019-10-23,27.6,30.87,25.07,79.05,0.79,20.93,13.3
2019-10-24,27.93,32.03,24.97,78.22,0.81,17.24,3.69
2019-10-25,28.13,31.89,24.73,78.55,0.63,19.3,5.6
2019-10-26,27.02,30.91,24.66,85.07,0.8,16.88,7.09
2019-10-27,27.16,31.19,24.12,81.87,0.82,19.46,14.99
2019-10-28,27.32,30.96,24.1,80.63,0.84,15.21,12.55
2019-10-29,27.5,31.16,24.25,80.71,0.78,20.5,4.88
2019-10-30,27.74,31.6,24.47,80.13,0.96,19.27,8.03
2019-10-31,26.86,29.53,24.94,85.2,1.08,13.21,12.4
2019-11-01,27.11,30.48,24.46,80.34,1.23,15.39,2.16
2019-11-02,27.91,31.07,25.48,77.14,0.71,16.92,2.52
2019-11-03,27.05,29.77,24.47,82.23,0.93,18.0,3.65
2019-11-04,26.97,29.69,24.47,81.27,0.88,16.43,1.16
2019-11-05,27.76,31.67,24.59,77.84,0.88,16.88,1.07
2019-11-06,27.95,31.54,24.96,79.08,0.88,9.99,4.29
2019-11-07,28.41,31.85,25.74,76.75,0.75,19.42,9.24
2019-11-08,27.17,30.86,24.7,80.5,1.17,10.26,14.61
2019-11-09,27.77,32.26,23.94,75.6,0.73,20.38,0.74
2019-11-10,27.48,31.63,23.75,79.26,0.81,20.95,1.08
2019-11-11,27.16,30.49,24.55,83.39,0.99,8.62,2.21
2019-11-12,27.21,30.27,24.0,82.6,0.8,13.8,1.91
2019-11-13,27.27,30.58,24.43,83.89,0.82,17.0,3.28
2019-11-14,26.8,30.21,24.7,86.92,1.34,9.85,7.41
2019-11-15,26.5,30.23,23.84,85.86,1.15,9.62,6.11
2019-11-16,26.81,31.08,23.67,85.13,1.12,18.49,4.16
2019-11-17,27.58,32.25,23.62,79.5,0.94,20.58,1.72
2019-11-18,27.27,31.55,24.29,83.15,0.97,21.21,1.04
2019-11-19,26.97,31.26,24.11,85.19,1.39,15.16,1.66
2019-11-20,25.95,29.4,24.04,90.82,1.44,15.46,13.3
2019-11-21,26.02,28.82,23.77,90.27,1.31,14.44,10.79
2019-11-22,26.18,29.09,23.85,87.66,1.22,17.35,6.01
2019-11-23,26.36,29.81,24.23,87.76,1.33,16.45,9.47
2019-11-24,26.61,30.2,23.33,84.66,0.96,20.11,8.5
2019-11-25,26.51,29.86,24.32,88.74,1.12,18.86,11.79
2019-11-26,26.64,30.91,24.06,87.35,1.53,21.67,5.12
2019-11-27,26.81,30.55,24.47,88.55,1.52,18.36,4.59
2019-11-28,26.91,30.48,24.52,87.82,1.44,18.99,4.13
2019-11-29,26.46,29.15,24.62,93.23,1.43,18.31,20.89
2019-11-30,26.9,30.02,24.97,89.54,1.34,19.26,22.14
2019-12-01,26.73,29.88,24.81,90.41,1.34,18.5,18.69
2019-12-02,25.82,28.12,24.35,92.62,1.59,13.77,21.36
2019-12-03,26.05,29.66,23.81,86.45,2.12,15.31,3.96
2019-12-04,26.09,30.34,23.43,84.48,2.18,18.36,0.03
2019-12-05,26.31,30.95,23.17,85.05,1.82,18.92,0.0
2019-12-06,26.16,30.5,23.35,85.88,2.03,20.1,2.05
2019-12-07,25.44,28.33,23.41,88.26,2.18,17.11,1.66
2019-12-08,25.86,29.26,23.67,89.53,1.88,12.1,15.75
2019-12-09,25.27,27.7,23.63,92.86,1.95,8.26,33.08
2019-12-10,25.3,28.19,23.26,91.69,1.44,17.52,11.08
2019-12-11,25.35,28.21,23.51,91.4,1.64,13.55,11.09
2019-12-12,25.73,30.01,23.25,87.87,1.88,20.32,1.75
2019-12-13,25.61,29.66,22.56,89.44,1.75,15.19,42.5
2019-12-14,24.99,26.8,23.9,94.87,1.44,5.98,84.68
2019-12-15,25.49,28.01,23.64,92.28,1.13,3.66,26.84
2019-12-16,25.41,28.99,23.49,90.18,1.62,17.61,19.96
2019-12-17,25.47,28.19,23.27,89.16,0.91,12.14,13.19
2019-12-18,26.22,29.73,23.44,89.08,0.92,15.33,19.23
2019-12-19,25.95,28.76,24.12,90.48,1.28,19.58,1.97
2019-12-20,26.03,29.5,23.81,90.39,1.77,19.1,3.71
2019-12-21,26.16,29.93,23.65,89.98,1.6,16.62,4.24
2019-12-22,25.95,29.17,23.6,90.33,1.37,15.84,1.2
2019-12-23,25.95,29.37,23.71,88.21,1.27,19.78,3.66
2019-12-24,26.17,29.9,23.62,88.9,1.7,20.78,4.06
2019-12-25,25.94,29.97,23.41,87.77,1.51,13.99,0.7
2019-12-26,25.74,29.91,22.46,86.16,1.49,18.98,0.73
2019-12-27,25.82,29.57,23.4,87.72,1.79,20.51,0.49
2019-12-28,25.78,29.55,23.03,86.84,1.87,19.45,0.31
2019-12-29,26.15,30.44,23.16,86.52,1.71,20.36,0.06
2019-12-30,26.29,30.58,23.38,87.11,1.73,21.06,0.0
2019-12-31,25.97,29.64,22.94,87.98,1.85,18.62,0.55
2020-01-01,26.06,29.91,22.98,86.46,2.0,21.17,1.48
2020-01-02,25.73,28.87,23.61,90.8,1.8,12.39,2.92
2020-01-03,26.04,29.71,23.74,88.56,1.88,16.4,1.18
2020-01-04,25.85,29.55,23.53,87.75,2.08,20.54,0.9
2020-01-05,25.86,30.08,23.11,87.65,2.02,22.31,0.38
2020-01-06,25.78,30.0,22.76,87.64,1.73,22.4,8.35
2020-01-07,25.77,29.39,23.31,89.26,1.71,18.18,3.87
2020-01-08,26.11,29.51,23.91,89.03,1.88,18.01,3.32
2020-01-09,26.29,29.9,24.01,88.09,1.83,18.48,0.75
2020-01-10,26.09,29.87,23.3,87.5,1.31,15.9,0.46
2020-01-11,26.17,29.08,23.83,85.24,0.94,16.33,0.57
2020-01-12,26.14,29.81,23.68,87.64,1.16,16.43,12.29
2020-01-13,25.73,30.31,22.7,86.79,1.55,19.8,0.8
2020-01-14,26.12,30.71,22.7,86.44,1.66,19.34,0.01
2020-01-15,26.25,30.56,23.33,86.46,1.72,20.93,0.17
2020-01-16,26.34,30.84,23.0,85.89,1.51,16.18,0.09
2020-01-17,26.31,30.85,23.02,85.15,1.68,20.38,0.0
2020-01-18,26.66,31.01,23.42,87.25,1.49,21.5,0.54
2020-01-19,26.92,30.99,24.14,87.8,1.65,20.21,1.49
2020-01-20,26.54,29.81,24.45,89.45,1.75,18.64,2.72
2020-01-21,26.13,29.95,23.88,89.14,1.85,12.91,10.16
2020-01-22,26.53,30.82,23.59,86.71,1.75,21.06,1.62
2020-01-23,26.58,30.92,23.59,86.39,1.77,22.39,0.06
2020-01-24,25.98,30.41,22.84,83.21,2.07,23.82,0.01
2020-01-25,25.98,31.15,21.66,82.39,1.38,23.62,0.0
2020-01-26,26.87,31.71,22.4,82.84,1.18,20.78,0.52
2020-01-27,26.67,30.32,23.95,86.94,1.0,15.6,5.48
2020-01-28,27.4,31.7,24.03,85.68,1.01,17.55,6.88
2020-01-29,26.25,29.13,24.45,89.71,1.29,8.28,26.74
2020-01-30,26.48,31.02,23.25,85.66,1.53,18.88,2.44
2020-01-31,26.3,30.56,23.58,85.67,1.88,16.79,1.63
2020-02-01,26.35,30.38,23.81,87.25,2.1,16.76,1.53
2020-02-02,26.12,30.45,23.2,84.87,2.19,16.93,0.12
2020-02-03,25.75,30.48,22.59,83.31,1.86,21.12,0.0
2020-02-04,25.61,30.63,21.62,83.45,1.54,21.73,0.0
2020-02-05,25.9,30.54,22.18,85.18,1.72,22.71,0.12
2020-02-06,26.42,30.96,23.29,83.75,1.83,22.15,0.02
2020-02-07,26.01,30.66,22.97,82.12,2.08,20.19,0.06
2020-02-08,25.93,30.91,22.17,83.04,1.59,17.64,0.82
2020-02-09,26.18,30.54,23.21,88.62,1.5,20.58,21.64
2020-02-10,25.9,29.06,24.25,90.22,1.34,17.62,31.01
2020-02-11,26.32,29.86,23.99,89.32,1.46,18.52,6.48
2020-02-12,26.6,30.23,24.24,88.9,1.46,18.04,2.11
2020-02-13,26.7,30.84,24.02,86.98,1.59,20.46,2.32
2020-02-14,26.85,31.87,23.28,85.08,1.44,19.67,0.69
2020-02-15,26.89,32.21,22.45,83.19,1.07,20.76,0.02
2020-02-16,26.94,32.11,22.66,82.56,1.06,18.39,1.88
2020-02-17,26.56,31.48,23.23,83.65,1.5,22.21,2.55
2020-02-18,25.81,28.56,23.94,89.72,1.74,14.44,20.24
2020-02-19,26.44,30.76,23.67,85.3,2.04,17.6,1.57
2020-02-20,26.3,30.58,23.57,86.43,2.17,22.13,3.06
2020-02-21,26.27,30.23,23.82,86.93,2.23,12.37,6.81
2020-02-22,26.12,30.17,23.73,84.85,2.37,22.86,3.33
2020-02-23,26.24,30.41,23.65,83.99,2.24,22.57,0.02
2020-02-24,26.31,30.64,23.73,85.95,2.25,21.1,2.81
2020-02-25,26.58,31.45,23.26,84.42,1.7,21.4,0.23
2020-02-26,26.62,31.29,23.37,85.32,1.83,24.09,0.53
2020-02-27,26.84,31.38,23.84,84.85,1.78,22.09,0.6
2020-02-28,26.63,31.41,23.39,83.99,1.79,22.74,0.0
2020-02-29,26.17,31.33,22.26,83.03,1.81,24.35,0.0
2020-03-01,26.41,31.79,22.2,82.63,1.63,21.84,0.06
2020-03-02,26.68,32.33,22.13,83.69,1.49,22.1,0.47
2020-03-03,27.11,31.9,23.74,84.39,1.77,21.94,0.36
2020-03-04,27.35,32.15,23.57,82.57,1.59,19.64,0.0
2020-03-05,26.8,30.13,24.15,86.7,1.23,12.89,2.7
2020-03-06,26.95,30.56,24.14,83.68,0.86,15.57,2.21
2020-03-07,27.08,31.15,23.94,85.95,1.19,21.05,3.21
2020-03-08,27.42,31.09,24.65,80.57,0.85,19.3,1.98
2020-03-09,28.25,32.57,24.86,78.61,0.58,19.58,0.57
2020-03-10,28.41,32.95,24.44,82.42,0.56,22.18,0.0
2020-03-11,28.08,33.09,24.79,82.36,1.22,22.92,0.59
2020-03-12,27.54,32.67,23.87,82.57,1.47,19.52,0.2
2020-03-13,27.85,33.18,23.58,80.92,1.36,23.09,0.02
2020-03-14,27.42,31.45,24.83,84.68,1.46,22.67,0.02
2020-03-15,27.66,32.0,24.68,83.73,1.5,22.5,1.04
2020-03-16,27.23,31.36,24.53,83.32,1.79,22.39,0.73
2020-03-17,27.3,32.47,23.35,78.94,1.73,22.9,0.04
2020-03-18,27.3,32.79,23.94,81.54,1.61,20.57,1.5
2020-03-19,27.3,32.5,23.8,77.12,1.19,21.1,0.96
2020-03-20,27.42,32.91,23.67,78.69,1.09,18.38,0.33
2020-03-21,27.01,31.86,23.6,82.46,1.39,21.34,15.91
2020-03-22,27.5,31.6,24.69,84.02,0.75,17.12,15.39
2020-03-23,26.9,30.06,24.97,86.67,0.89,15.85,18.08
2020-03-24,27.18,31.56,24.08,85.07,1.34,22.89,3.64
2020-03-25,27.36,32.3,23.56,82.11,1.29,23.74,0.13
2020-03-26,27.49,32.14,23.87,84.12,1.51,23.02,0.08
2020-03-27,27.6,32.0,24.45,85.24,1.16,20.88,2.57
2020-03-28,28.02,32.61,24.27,81.37,1.03,19.91,0.62
2020-03-29,27.77,33.12,23.76,81.06,1.39,21.49,0.31
2020-03-30,27.81,33.12,24.02,79.26,1.25,20.93,0.15
2020-03-31,28.1,34.0,23.43,78.01,1.17,20.97,0.2
2020-04-01,28.55,33.95,24.13,79.22,1.0,22.17,0.25
2020-04-02,28.25,33.54,24.8,82.13,1.33,21.65,15.12
2020-04-03,27.75,31.97,24.75,84.58,1.44,14.79,7.42
2020-04-04,27.33,31.07,24.81,86.07,1.49,21.49,2.13
2020-04-05,27.83,32.06,24.73,84.91,1.26,17.94,4.65
2020-04-06,27.85,31.07,25.03,82.57,0.65,15.94,16.36
2020-04-07,28.4,31.92,25.58,78.25,0.53,15.15,11.3
2020-04-08,28.27,33.08,24.39,79.57,0.8,17.15,4.2
2020-04-09,27.77,32.4,24.44,82.72,1.29,21.03,3.17
2020-04-10,27.74,32.96,23.22,79.73,1.21,23.47,0.0
2020-04-11,27.63,31.32,24.73,81.65,1.06,16.91,0.13
2020-04-12,27.99,32.0,24.84,83.39,1.04,22.06,1.31
2020-04-13,27.78,31.43,25.35,85.47,1.18,22.15,1.82
2020-04-14,27.44,32.26,24.16,80.8,1.45,18.46,0.07
2020-04-15,27.79,33.39,23.34,80.01,1.44,21.78,0.16
2020-04-16,27.98,33.64,24.01,78.3,1.49,22.48,0.51
2020-04-17,28.23,34.06,23.26,77.46,1.09,20.82,0.05
2020-04-18,28.15,33.3,24.3,79.04,1.26,21.05,0.89
2020-04-19,28.07,33.12,23.96,79.2,1.2,22.1,0.22
2020-04-20,28.44,33.38,24.76,80.52,1.34,24.0,0.52
2020-04-21,28.0,31.9,24.91,84.62,1.16,22.53,5.62
2020-04-22,27.95,32.02,25.07,84.49,1.1,18.77,8.3
2020-04-23,28.13,32.06,25.17,82.22,0.79,13.03,15.78
2020-04-24,27.91,32.03,24.56,82.28,0.86,19.63,7.86
2020-04-25,26.95,30.18,24.63,86.38,1.14,14.75,4.64
2020-04-26,27.17,31.01,24.46,85.14,0.96,16.73,4.62
2020-04-27,27.31,30.38,24.72,82.97,0.85,13.38,11.81
2020-04-28,26.71,30.14,24.16,85.88,1.24,14.71,6.77
2020-04-29,27.86,31.87,24.28,82.16,0.93,20.49,5.79
2020-04-30,27.31,30.41,25.24,88.49,0.92,15.37,26.1
2020-05-01,27.12,30.14,24.93,87.03,1.02,14.16,11.8
2020-05-02,26.99,29.61,24.92,87.98,0.85,15.79,5.89
2020-05-03,27.33,29.47,25.55,84.79,0.58,18.75,0.59
2020-05-04,28.49,31.9,25.79,79.2,0.62,13.84,2.4
2020-05-05,28.66,32.25,25.28,79.77,0.68,21.51,16.18
2020-05-06,28.83,32.35,26.17,80.12,0.74,14.22,6.15
2020-05-07,28.1,30.76,26.22,85.93,0.94,21.62,4.09
2020-05-08,27.9,30.03,26.33,86.53,0.99,21.52,4.66
2020-05-09,27.78,30.39,26.05,87.45,1.37,20.32,3.56
2020-05-10,27.94,30.81,25.69,87.96,1.45,14.99,2.58
2020-05-11,27.83,30.34,25.91,89.98,1.21,14.39,4.01
2020-05-12,28.0,30.64,26.03,88.73,1.18,19.79,9.17
2020-05-13,27.59,30.26,25.66,86.31,0.91,9.64,11.47
2020-05-14,28.35,32.06,25.18,82.01,0.96,22.46,5.97
2020-05-15,28.44,32.69,24.91,83.05,1.13,18.2,0.86
2020-05-16,28.68,32.23,25.94,85.01,1.17,20.58,4.71
2020-05-17,28.35,32.56,25.89,86.11,1.0,12.81,17.65
2020-05-18,28.93,32.5,25.62,80.27,0.88,20.12,0.4
2020-05-19,28.73,31.41,26.17,82.61,1.0,20.44,1.33
2020-05-20,28.05,30.95,26.41,86.37,0.96,7.77,3.72
2020-05-21,29.5,33.27,26.15,74.89,0.53,19.63,1.63
2020-05-22,28.92,32.39,25.89,81.06,0.73,9.82,13.37
2020-05-23,27.61,30.91,25.32,87.38,0.97,7.14,2.75
2020-05-24,28.34,32.27,25.55,79.72,0.78,16.29,7.53
2020-05-25,28.38,31.77,25.97,82.31,0.89,18.95,5.15
2020-05-26,28.66,32.03,26.11,81.91,0.75,17.03,9.7
2020-05-27,28.66,32.82,26.12,79.82,0.58,13.47,7.5
2020-05-28,27.78,30.47,25.92,85.55,0.91,19.24,0.83
2020-05-29,27.93,30.68,25.56,85.39,0.98,8.96,2.62
2020-05-30,28.07,31.01,25.83,83.78,0.89,18.76,5.01
2020-05-31,28.38,32.39,24.98,81.28,0.91,18.27,4.01
2020-06-01,27.02,29.21,25.35,88.34,1.24,10.7,30.39
2020-06-02,27.69,31.09,24.65,82.68,0.92,22.61,12.46
2020-06-03,27.77,30.94,25.03,85.45,1.09,18.55,6.37
2020-06-04,27.19,29.52,25.69,88.68,1.05,11.4,18.65
2020-06-05,26.63,29.12,25.4,89.12,1.53,17.12,13.16
2020-06-06,27.15,30.63,24.72,83.51,1.39,15.42,3.72
2020-06-07,27.69,30.7,24.93,83.43,1.03,20.92,0.09
2020-06-08,28.59,31.71,26.22,77.53,0.6,17.71,3.59
2020-06-09,27.82,30.74,25.38,85.83,1.31,20.36,8.0
2020-06-10,27.65,30.55,25.54,86.37,1.22,13.15,10.17
2020-06-11,27.31,30.04,25.36,87.42,0.99,18.85,9.5
2020-06-12,27.54,30.23,25.08,85.26,0.79,15.29,12.48
2020-06-13,26.39,28.06,25.08,86.79,0.95,6.61,5.89
2020-06-14,27.25,30.31,24.93,87.26,1.48,17.37,1.11
2020-06-15,27.61,30.54,25.63,88.57,1.52,19.66,1.86
2020-06-16,27.1,29.72,25.15,88.35,1.08,9.62,3.06
2020-06-17,27.64,31.36,25.05,81.23,0.69,11.92,1.58
2020-06-18,27.78,32.24,24.92,83.38,0.51,13.81,15.96
2020-06-19,26.76,28.64,24.99,86.9,0.96,18.54,15.95
2020-06-20,26.45,28.31,25.19,88.65,1.11,4.38,18.02
2020-06-21,26.31,28.66,24.63,90.11,1.55,14.67,9.65
2020-06-22,26.16,28.32,24.84,90.56,1.4,17.26,11.48
2020-06-23,25.85,28.0,24.8,90.94,1.5,6.63,19.64
2020-06-24,25.71,27.85,24.42,90.9,1.68,10.61,9.45
2020-06-25,26.93,30.66,23.97,83.43,1.41,16.62,0.92
2020-06-26,26.67,28.69,25.08,87.98,1.22,14.56,11.73
2020-06-27,26.8,29.27,24.93,86.29,1.26,12.27,6.04
2020-06-28,26.84,29.65,24.6,88.51,1.63,14.74,0.84
2020-06-29,26.88,29.63,25.1,89.33,1.6,16.0,6.75
2020-06-30,26.74,29.73,24.42,88.85,1.5,13.61,4.12
2020-07-01,26.86,29.67,24.91,88.49,1.35,17.34,1.22
2020-07-02,27.01,30.28,24.64,87.15,1.51,18.98,0.28
2020-07-03,26.86,29.49,24.92,88.22,1.23,17.49,4.85
2020-07-04,26.99,29.89,24.73,87.11,1.15,16.94,17.74
2020-07-05,27.21,30.74,24.49,84.93,1.0,18.78,11.84
2020-07-06,26.71,29.65,24.36,87.8,1.29,16.91,19.08
2020-07-07,26.52,29.44,24.45,87.29,1.03,13.73,19.21
2020-07-08,26.88,29.54,24.39,81.66,0.87,16.74,6.41
2020-07-09,25.9,28.33,24.17,86.87,1.37,10.03,9.23
2020-07-10,26.85,30.95,23.73,82.07,1.0,11.23,2.67
2020-07-11,26.06,28.66,24.42,89.07,1.32,18.0,8.93
2020-07-12,26.41,29.24,24.43,87.59,1.36,16.51,6.96
2020-07-13,25.77,27.69,24.16,88.05,1.06,4.54,25.99
2020-07-14,25.63,27.8,24.0,89.31,1.39,15.01,3.63
2020-07-15,26.8,30.57,23.81,85.54,1.05,17.87,0.31
2020-07-16,26.97,30.22,24.41,87.3,1.23,20.07,4.3
2020-07-17,27.49,30.5,24.01,80.2,0.86,20.2,1.57
2020-07-18,26.72,29.56,24.77,86.86,1.14,13.86,18.02
2020-07-19,27.13,30.79,23.94,82.92,1.08,20.96,0.83
2020-07-20,27.23,30.89,24.29,85.77,1.34,20.92,0.0
2020-07-21,27.21,30.76,24.14,85.23,1.13,20.52,1.06
2020-07-22,26.84,29.74,24.68,85.98,1.08,15.21,7.24
2020-07-23,26.7,30.17,24.26,83.31,1.19,17.65,1.61
2020-07-24,26.3,29.07,24.33,87.41,1.17,13.45,5.33
2020-07-25,26.18,29.24,23.88,88.99,1.41,15.27,10.09
2020-07-26,26.49,29.06,24.5,90.51,1.61,17.85,4.69
2020-07-27,26.35,28.87,24.66,90.47,1.62,12.44,8.01
2020-07-28,26.15,28.28,24.72,91.12,1.37,15.05,14.02
2020-07-29,26.14,28.75,24.39,87.92,1.24,9.4,10.48
2020-07-30,27.02,30.82,23.75,82.7,1.23,18.63,3.55
2020-07-31,26.72,29.15,24.87,87.93,1.2,14.42,17.22
2020-08-01,26.55,28.78,24.96,88.72,1.34,17.69,8.29
2020-08-02,26.56,29.02,24.72,88.33,1.4,19.7,1.39
2020-08-03,26.78,29.84,24.34,87.94,1.47,17.72,4.24
2020-08-04,27.34,30.87,24.76,84.13,1.01,16.25,3.24
2020-08-05,26.64,29.46,24.9,89.73,1.44,20.77,0.78
2020-08-06,26.98,29.93,24.64,88.4,1.05,19.39,0.06
2020-08-07,27.2,30.02,24.79,88.97,1.39,22.84,1.01
2020-08-08,27.34,30.21,25.11,89.24,1.3,21.93,1.32
2020-08-09,27.38,29.92,25.75,89.98,1.31,22.61,0.0
2020-08-10,27.31,30.28,25.23,90.1,1.26,21.28,5.16
2020-08-11,27.33,30.29,25.2,86.58,1.08,10.95,15.86
2020-08-12,26.87,29.37,25.15,89.74,1.15,9.12,15.81
2020-08-13,27.23,30.59,24.72,84.95,1.2,16.69,2.55
2020-08-14,27.44,30.66,24.81,78.55,0.8,8.22,5.16
2020-08-15,27.36,30.89,24.38,81.22,0.8,20.41,5.33
2020-08-16,26.52,29.47,24.33,88.39,1.38,20.03,5.44
2020-08-17,26.97,30.21,24.79,83.29,1.29,8.88,4.96
2020-08-18,26.27,29.06,24.26,87.74,1.4,18.29,4.89
2020-08-19,26.77,29.65,24.82,85.73,1.05,15.27,4.37
2020-08-20,26.89,30.0,24.82,86.99,1.35,17.44,2.66
2020-08-21,27.02,30.24,24.88,87.07,1.52,22.57,1.13
2020-08-22,26.63,29.78,24.43,87.08,1.35,14.85,3.14
2020-08-23,25.69,27.88,24.2,90.17,1.41,11.56,19.14
2020-08-24,26.5,30.24,23.24,85.28,1.07,22.09,3.04
2020-08-25,26.74,29.99,24.45,86.78,1.27,15.83,10.09
2020-08-26,26.44,29.06,24.51,87.18,1.54,20.48,1.96
2020-08-27,26.04,28.76,23.95,90.0,1.55,20.68,2.62
2020-08-28,26.85,30.1,24.47,85.72,1.58,21.32,1.08
2020-08-29,26.17,28.76,24.51,90.01,1.56,16.54,15.75
2020-08-30,26.62,29.73,24.19,87.76,1.49,19.86,4.34
2020-08-31,26.87,29.94,24.63,88.15,1.63,19.26,0.57
2020-09-01,26.8,29.65,24.54,89.41,1.51,18.46,4.83
2020-09-02,26.98,30.38,24.83,87.85,1.38,16.37,5.85
2020-09-03,26.56,29.5,24.05,87.42,1.19,8.13,1.68
2020-09-04,26.15,28.22,24.47,89.41,1.18,18.21,23.64
2020-09-05,26.02,28.33,24.47,89.2,1.22,6.89,9.44
2020-09-06,26.42,29.94,23.95,86.37,1.39,20.73,9.06
2020-09-07,26.62,30.04,24.02,86.5,1.51,21.02,4.25
2020-09-08,26.53,29.65,24.26,88.6,1.53,17.98,1.71
2020-09-09,27.17,30.92,24.4,86.05,1.14,20.99,1.01
2020-09-10,26.25,28.75,24.41,88.23,1.27,8.44,6.44
2020-09-11,26.01,28.36,24.37,89.41,1.25,20.44,14.12
2020-09-12,26.0,28.9,23.67,85.16,1.32,14.71,12.2
2020-09-13,26.08,29.21,23.72,85.54,1.17,13.39,11.93
2020-09-14,25.88,29.34,23.2,87.08,1.39,16.42,7.16
2020-09-15,26.73,30.46,23.74,84.12,1.37,16.99,3.91
2020-09-16,26.34,28.71,24.64,84.68,1.41,15.53,5.27
2020-09-17,26.82,29.93,23.95,83.72,1.28,21.74,1.0
2020-09-18,26.26,28.21,24.52,88.83,1.56,18.16,16.89
2020-09-19,26.53,29.36,24.4,88.73,1.28,16.58,7.97
2020-09-20,26.51,28.93,24.75,89.43,1.22,13.89,7.28
2020-09-21,27.06,31.61,24.01,81.77,0.89,9.74,9.75
2020-09-22,26.87,30.58,23.73,85.67,1.11,22.76,4.21
2020-09-23,27.74,31.5,24.49,83.81,1.07,20.82,4.86
2020-09-24,26.5,28.68,24.85,88.37,1.24,21.97,13.35
2020-09-25,27.0,30.48,24.46,83.09,0.86,15.49,3.07
2020-09-26,26.25,29.1,24.12,83.73,1.17,12.95,21.0
2020-09-27,25.81,28.58,23.9,87.6,1.44,16.6,5.12
2020-09-28,26.28,29.13,23.88,87.29,1.63,22.25,1.56
2020-09-29,26.4,28.91,24.59,90.19,1.46,17.18,2.81
2020-09-30,26.59,29.17,24.59,89.2,1.18,20.06,9.34
2020-10-01,26.61,29.5,24.3,88.55,1.12,13.92,9.03
2020-10-02,26.45,28.54,24.63,87.73,1.0,20.59,8.39
2020-10-03,26.07,28.63,24.1,88.65,1.48,17.61,3.38
2020-10-04,26.89,29.42,24.99,83.88,1.03,14.61,1.37
2020-10-05,27.72,31.35,24.6,78.15,1.01,21.31,0.43
2020-10-06,27.32,30.32,25.16,82.06,0.96,20.04,2.98
2020-10-07,26.5,28.88,24.91,88.41,1.45,17.39,3.71
2020-10-08,26.31,29.33,24.3,89.6,1.48,15.43,2.47
2020-10-09,26.47,29.25,24.6,87.49,1.4,16.67,2.41
2020-10-10,26.43,28.7,24.7,85.81,1.33,17.79,5.38
2020-10-11,26.43,29.09,24.42,88.65,1.47,15.47,7.8
2020-10-12,26.58,29.19,24.81,88.65,1.87,17.45,2.75
2020-10-13,26.58,29.28,24.67,86.91,1.59,16.94,5.45
2020-10-14,26.97,29.67,25.13,86.19,1.24,12.91,3.1
2020-10-15,26.61,28.99,24.79,88.84,1.33,16.99,6.56
2020-10-16,27.01,30.02,24.97,84.95,1.36,22.31,5.15
2020-10-17,27.33,30.27,25.0,82.74,1.22,22.08,0.17
2020-10-18,27.21,30.47,25.06,79.34,1.13,18.89,0.96
2020-10-19,27.3,30.65,24.27,82.29,0.81,22.55,1.81
2020-10-20,28.05,31.18,24.87,78.33,0.65,9.15,1.15
2020-10-21,27.76,31.21,24.96,79.92,0.87,20.8,5.49
2020-10-22,25.92,28.13,24.62,89.84,1.49,11.43,9.54
2020-10-23,26.82,29.58,24.21,83.2,1.11,11.87,5.33
2020-10-24,26.71,29.16,25.02,85.29,0.78,11.97,15.24
2020-10-25,25.88,28.02,24.28,88.91,1.49,18.46,6.65
2020-10-26,25.78,28.31,24.28,88.66,1.48,13.1,2.02
2020-10-27,27.22,30.79,23.85,81.05,1.15,22.89,0.3
2020-10-28,26.9,29.27,24.9,86.97,1.15,18.28,1.86
2020-10-29,26.92,29.75,24.84,87.39,1.07,19.75,6.82
2020-10-30,28.11,33.03,24.37,79.19,0.69,20.04,1.27
2020-10-31,27.34,30.18,24.97,83.18,0.62,19.34,5.66
2020-11-01,26.12,27.43,24.66,87.02,1.19,18.71,8.65
2020-11-02,26.15,28.76,23.95,89.25,1.25,17.2,30.7
2020-11-03,26.86,29.76,24.01,85.39,0.63,10.38,30.6
2020-11-04,26.26,27.83,24.74,86.98,0.66,8.17,21.66
2020-11-05,27.26,30.45,24.15,81.7,0.72,20.19,9.12
2020-11-06,26.93,29.64,24.94,85.92,0.89,16.54,9.31
2020-11-07,26.58,29.38,24.6,88.26,1.04,5.52,19.03
2020-11-08,27.11,30.59,24.14,82.69,0.86,14.73,6.41
2020-11-09,26.31,28.27,24.79,87.43,0.82,16.31,9.19
2020-11-10,26.48,29.31,24.35,84.27,0.98,16.88,1.33
2020-11-11,26.77,29.88,24.51,86.05,1.15,18.61,0.69
2020-11-12,27.15,31.08,24.33,87.2,1.47,20.26,0.85
2020-11-13,27.25,31.26,24.41,86.94,1.43,21.16,0.91
2020-11-14,26.93,30.33,24.25,87.73,1.25,20.7,3.66
2020-11-15,26.52,29.43,24.65,90.0,1.28,17.44,10.84
2020-11-16,26.43,29.66,24.14,89.61,1.49,17.79,5.71
2020-11-17,26.14,28.28,24.36,89.47,1.13,18.77,34.21
2020-11-18,27.57,31.88,23.38,80.6,0.85,19.97,2.49
2020-11-19,27.42,31.16,24.59,86.14,0.92,18.22,13.4
2020-11-20,27.2,30.69,24.53,85.92,0.86,17.83,7.01
2020-11-21,26.52,29.09,24.56,88.68,0.92,6.18,29.38
2020-11-22,26.67,30.39,23.95,85.69,1.01,18.23,15.12
2020-11-23,25.85,28.31,24.08,89.14,1.08,9.84,16.87
2020-11-24,25.6,28.81,23.4,89.1,1.39,14.69,15.8
2020-11-25,25.68,28.88,23.35,88.57,1.14,15.56,10.99
2020-11-26,26.01,29.0,23.8,90.06,1.05,8.35,1.81
2020-11-27,26.15,28.71,24.26,90.34,1.11,14.44,16.73
2020-11-28,26.58,30.11,23.98,85.13,0.99,12.36,8.27
2020-11-29,26.7,29.88,23.55,81.88,1.01,16.89,0.41
2020-11-30,26.48,29.01,24.06,86.95,0.83,13.49,4.11
2020-12-01,26.79,29.32,24.73,85.61,1.11,19.55,3.56
2020-12-02,26.75,29.53,24.31,85.85,1.0,13.47,3.64
2020-12-03,26.23,29.31,23.99,89.86,1.41,16.61,11.89
2020-12-04,25.4,27.24,24.0,94.29,1.38,17.09,20.03
2020-12-05,25.31,27.24,24.14,94.17,1.68,15.78,17.96
2020-12-06,26.22,29.87,23.57,88.65,1.7,18.15,1.02
2020-12-07,26.51,29.94,23.97,88.31,1.58,19.97,1.43
2020-12-08,26.07,28.58,24.37,90.69,1.56,16.33,2.67
2020-12-09,25.73,27.97,24.03,90.32,1.28,17.94,6.82
2020-12-10,26.25,29.34,23.69,87.74,1.21,15.51,10.32
2020-12-11,25.83,27.99,23.96,88.46,1.12,14.88,5.16
2020-12-12,25.3,27.4,23.07,90.61,1.15,15.22,9.28
2020-12-13,25.27,27.95,22.7,88.88,1.18,13.62,3.21
2020-12-14,25.9,28.79,23.63,89.46,0.97,15.58,8.92
2020-12-15,26.19,29.6,23.89,88.45,1.12,16.1,10.76
2020-12-16,25.88,28.69,23.69,88.22,0.98,14.16,17.71
2020-12-17,25.48,28.32,23.33,90.95,1.38,18.48,18.25
2020-12-18,25.25,27.72,23.27,90.37,1.31,7.29,7.89
2020-12-19,25.37,28.32,23.75,90.47,1.32,14.03,5.91
2020-12-20,25.28,27.57,23.3,91.74,1.59,17.29,4.63
2020-12-21,25.84,29.07,23.52,88.68,1.38,18.21,2.77
2020-12-22,26.25,30.13,23.01,85.62,1.32,15.37,0.49
2020-12-23,26.76,30.03,23.93,86.12,0.93,17.35,1.79
2020-12-24,26.68,29.15,24.71,85.42,0.8,9.48,5.52
2020-12-25,27.21,31.29,23.89,82.6,0.79,19.6,4.76
2020-12-26,26.52,29.41,24.36,88.48,1.17,18.52,36.67
2020-12-27,26.01,29.26,23.46,88.93,1.2,20.27,14.2
2020-12-28,26.06,29.4,23.77,89.56,1.49,18.82,1.43
2020-12-29,26.06,29.4,23.78,89.03,1.28,12.47,19.37
2020-12-30,25.51,27.96,23.9,90.46,1.37,16.16,8.82
2020-12-31,25.52,28.58,23.18,90.5,1.62,17.09,11.91
2021-01-01,24.94,26.71,23.88,94.01,2.0,5.84,40.59
2021-01-02,24.93,26.96,23.57,93.8,1.6,1.92,65.67
2021-01-03,25.05,26.98,23.87,94.86,1.32,5.96,61.6
2021-01-04,25.35,27.83,23.35,90.97,1.18,15.07,2.09
2021-01-05,25.86,28.53,23.78,92.32,1.48,21.24,6.87
2021-01-06,25.72,28.2,24.01,93.16,1.56,15.07,12.92
2021-01-07,25.07,27.37,23.39,93.27,1.39,7.8,17.86
2021-01-08,25.0,26.98,23.35,94.45,1.77,16.0,12.24
2021-01-09,25.29,27.9,23.68,93.54,1.92,11.92,28.74
2021-01-10,24.65,26.15,23.59,95.55,1.74,4.93,53.75
2021-01-11,24.67,26.57,23.52,94.52,2.16,12.53,13.26
2021-01-12,24.76,27.14,23.2,91.43,2.48,7.95,7.28
2021-01-13,24.07,26.59,22.59,92.29,2.0,11.98,5.14
2021-01-14,24.48,27.92,22.34,90.99,1.75,13.53,0.15
2021-01-15,25.47,29.66,22.46,87.74,1.39,18.87,0.09
2021-01-16,26.17,30.45,22.59,84.82,1.03,18.53,0.02
2021-01-17,25.55,29.49,23.22,88.75,1.92,19.18,0.45
2021-01-18,23.88,25.93,22.12,90.4,2.37,12.77,33.99
2021-01-19,24.35,28.47,21.26,87.81,1.79,18.55,9.39
2021-01-20,24.76,28.66,21.82,88.32,1.56,16.9,0.0
2021-01-21,25.16,28.91,22.57,88.91,1.45,17.24,1.14
2021-01-22,25.84,30.26,22.6,86.91,1.12,19.2,3.69
2021-01-23,25.45,28.74,23.19,88.71,1.42,20.15,16.81
2021-01-24,25.5,29.64,22.72,89.05,1.43,23.47,0.98
2021-01-25,25.61,29.77,22.74,87.99,1.46,18.31,0.71
2021-01-26,25.57,29.66,22.58,86.93,1.44,23.32,0.62
2021-01-27,25.49,29.5,22.29,89.37,1.44,15.18,2.29
2021-01-28,25.5,28.88,23.62,90.2,1.76,14.46,8.73
2021-01-29,25.28,29.37,22.4,87.92,1.94,19.17,0.61
2021-01-30,25.01,28.53,22.64,88.74,1.98,20.41,0.12
2021-01-31,25.32,29.82,22.08,89.12,1.71,19.78,5.24
2021-02-01,25.41,29.14,22.93,89.57,1.9,17.61,0.53
2021-02-02,25.39,29.03,23.15,89.41,1.95,17.38,47.87
2021-02-03,25.04,28.81,22.66,88.52,1.9,19.69,8.49
2021-02-04,24.84,29.23,21.97,86.9,2.07,19.53,0.0
2021-02-05,25.34,30.11,21.54,87.97,1.68,22.37,0.08
2021-02-06,25.72,29.78,23.11,87.61,1.86,21.73,0.02
2021-02-07,25.91,30.54,22.57,86.89,1.91,22.95,0.05
2021-02-08,25.87,29.98,23.15,88.52,1.77,20.46,0.56
2021-02-09,26.3,30.75,23.0,86.0,1.44,20.66,0.04
2021-02-10,26.29,30.88,23.08,87.07,1.32,18.5,3.75
2021-02-11,26.21,30.5,23.46,86.78,1.63,21.32,0.72
2021-02-12,26.18,30.28,23.6,87.39,1.82,21.3,6.14
2021-02-13,25.91,30.38,23.02,86.85,1.84,20.53,1.16
2021-02-14,25.74,30.15,22.96,85.64,2.0,21.1,0.09
2021-02-15,25.03,29.75,22.03,85.05,2.0,20.89,0.0
2021-02-16,24.79,29.55,21.47,85.84,1.76,21.39,6.23
2021-02-17,24.09,29.19,20.82,85.71,2.04,22.91,60.22
2021-02-18,24.0,28.66,20.08,84.54,2.16,22.85,10.57
2021-02-19,24.93,29.3,21.94,84.5,2.28,19.59,0.0
2021-02-20,25.21,29.68,22.25,85.68,2.19,20.28,0.0
2021-02-21,25.27,29.8,22.16,85.86,1.86,22.11,0.0
2021-02-22,24.76,29.08,21.7,85.21,1.82,23.54,52.25
2021-02-23,25.27,30.15,21.18,83.01,1.58,23.91,17.11
2021-02-24,25.53,29.94,22.17,84.43,1.54,18.93,0.02
2021-02-25,26.04,30.53,21.98,84.46,1.21,19.07,0.0
2021-02-26,26.77,31.46,22.59,81.91,1.09,23.84,0.0
2021-02-27,27.18,31.99,22.76,80.09,0.64,23.89,0.0
2021-02-28,26.95,31.72,23.04,83.0,0.91,22.14,8.85
2021-03-01,26.57,31.06,22.96,84.79,1.14,22.18,2.15
2021-03-02,26.1,31.0,22.44,84.91,1.46,24.03,0.48
2021-03-03,26.09,31.25,22.12,84.66,1.32,21.94,0.36
2021-03-04,26.0,29.86,23.38,88.38,1.5,22.45,0.08
2021-03-05,26.49,30.21,23.98,87.81,1.46,21.77,0.04
2021-03-06,26.34,30.11,23.44,87.62,1.87,22.0,23.17
2021-03-07,26.27,29.39,23.63,85.51,0.91,6.79,15.18
2021-03-08,26.06,30.47,22.85,84.11,1.5,23.91,1.76
2021-03-09,25.44,30.04,22.06,85.58,1.82,21.82,0.0
2021-03-10,25.72,30.75,21.73,84.93,1.74,23.88,0.08
2021-03-11,25.75,29.21,22.89,87.13,1.8,20.27,0.77
2021-03-12,25.54,28.56,23.02,88.53,1.36,17.1,10.35
2021-03-13,25.43,28.55,23.21,89.5,1.39,22.46,14.99
2021-03-14,26.12,29.8,23.21,87.17,1.32,22.89,5.71
2021-03-15,25.68,28.66,23.56,90.01,1.45,20.93,7.72
2021-03-16,26.15,29.58,23.73,89.28,1.17,22.21,12.33
2021-03-17,26.61,30.07,23.89,85.46,0.91,22.59,3.78
2021-03-18,26.65,30.33,24.21,85.92,1.15,21.24,0.88
2021-03-19,26.99,31.34,23.19,83.27,0.99,21.22,0.25
2021-03-20,27.2,31.18,23.44,82.77,0.8,20.74,1.35
2021-03-21,27.05,31.72,23.65,84.09,1.06,20.11,5.74
2021-03-22,26.8,31.37,23.6,86.14,1.65,22.47,4.91
2021-03-23,26.0,28.41,24.19,92.17,1.38,20.13,10.32
2021-03-24,25.76,28.09,24.02,92.91,1.24,12.1,34.45
2021-03-25,25.65,28.49,23.81,91.34,1.44,17.11,7.6
2021-03-26,26.68,30.98,23.4,85.37,1.28,20.46,1.16
2021-03-27,26.43,29.89,23.97,88.6,1.24,12.16,19.43
2021-03-28,27.65,31.7,24.09,81.41,0.81,20.18,7.69
2021-03-29,27.57,30.7,24.45,83.42,0.76,11.88,26.5
2021-03-30,28.56,32.14,24.87,78.39,0.65,21.9,19.0
2021-03-31,27.24,29.35,25.64,86.36,1.04,24.04,17.29
2021-04-01,27.14,30.01,25.03,86.56,1.49,18.5,2.06
2021-04-02,27.1,30.15,24.61,85.92,1.29,22.11,3.7
2021-04-03,26.86,30.1,24.5,85.77,0.93,20.97,6.44
2021-04-04,26.84,29.41,24.67,84.77,1.01,17.68,6.7
2021-04-05,26.59,29.25,25.01,89.37,1.07,14.56,14.65
2021-04-06,27.32,30.63,24.37,81.96,0.82,22.02,2.38
2021-04-07,27.31,30.41,24.45,82.24,0.83,23.15,5.35
2021-04-08,26.59,29.87,23.64,84.97,1.15,18.85,7.65
2021-04-09,27.4,31.0,24.74,82.48,0.93,20.6,6.73
2021-04-10,27.41,30.91,24.55,82.71,0.89,22.21,0.64
2021-04-11,26.96,30.79,24.14,86.79,1.21,22.17,5.65
2021-04-12,27.53,31.72,24.14,81.29,0.91,20.89,8.86
2021-04-13,27.95,31.97,24.28,79.74,0.72,21.06,9.99
2021-04-14,27.8,30.67,24.4,79.26,0.73,22.3,15.54
2021-04-15,28.27,30.96,25.53,75.29,0.46,19.08,27.38
2021-04-16,28.42,31.16,25.59,74.95,0.37,16.17,16.97
2021-04-17,27.3,30.98,25.11,82.11,0.57,3.17,28.49
2021-04-18,27.72,30.94,24.98,78.67,0.46,23.89,0.31
2021-04-19,27.66,30.82,24.55,79.29,0.85,14.09,2.32
2021-04-20,27.73,31.41,24.46,79.79,0.96,20.03,2.61
2021-04-21,28.05,31.5,25.08,79.84,0.99,14.91,2.89
2021-04-22,26.81,30.16,24.73,87.57,1.17,10.64,11.32
2021-04-23,26.37,29.15,24.2,86.54,1.28,17.39,3.17
2021-04-24,27.19,30.46,24.64,81.91,1.11,12.71,2.22
2021-04-25,27.53,30.49,24.95,82.17,0.93,23.15,1.13
2021-04-26,27.78,31.26,24.86,82.43,0.87,13.94,6.51
2021-04-27,27.59,31.29,25.38,83.94,0.55,20.89,2.16
2021-04-28,27.47,30.35,25.36,84.72,0.76,20.39,4.29
2021-04-29,27.74,31.28,24.64,82.86,0.98,14.21,3.73
2021-04-30,27.59,31.36,24.54,84.29,0.97,18.38,13.19
2021-05-01,27.79,32.0,24.55,82.93,0.94,19.83,7.47
2021-05-02,27.26,31.04,24.11,86.95,1.14,21.7,46.88
2021-05-03,27.16,30.75,24.59,87.45,1.2,19.7,25.71
2021-05-04,26.85,30.19,24.26,87.79,1.07,16.19,1.39
2021-05-05,26.66,29.78,24.16,88.24,0.98,17.05,5.2
2021-05-06,27.98,31.74,24.26,80.45,0.69,11.04,6.27
2021-05-07,26.77,29.27,24.81,90.12,1.16,17.16,5.66
2021-05-08,27.99,31.72,24.46,80.83,0.75,14.14,0.82
2021-05-09,28.18,31.83,25.05,82.08,0.56,16.67,2.26
2021-05-10,28.37,31.86,25.34,83.78,0.77,21.89,1.14
2021-05-11,27.82,30.62,26.07,88.24,1.1,14.38,10.77
2021-05-12,27.99,30.7,25.24,86.11,0.9,14.87,10.59
2021-05-13,28.42,31.51,25.97,82.62,0.89,20.26,4.7
2021-05-14,27.92,30.64,25.81,86.46,1.02,18.04,27.99
2021-05-15,27.75,30.43,25.93,87.96,1.12,14.19,11.87
2021-05-16,28.7,31.76,25.39,80.51,0.81,19.56,22.31
2021-05-17,27.86,31.02,26.12,86.61,1.0,11.37,35.47
2021-05-18,26.86,28.64,25.56,87.97,0.94,17.26,27.57
2021-05-19,28.15,31.71,25.4,77.7,0.59,11.92,2.97
2021-05-20,28.56,32.15,25.26,77.56,0.54,18.17,0.08
2021-05-21,27.87,30.36,25.54,84.16,0.92,11.77,5.79
2021-05-22,26.73,28.73,25.19,85.28,1.08,17.58,2.25
2021-05-23,27.54,30.11,24.91,83.53,1.02,20.76,0.0
2021-05-24,27.84,30.72,25.49,84.81,1.07,20.92,2.09
2021-05-25,27.72,30.76,25.44,87.08,1.23,19.44,3.42
2021-05-26,27.54,30.94,24.96,87.58,1.23,17.15,1.82
2021-05-27,27.91,30.85,24.86,84.26,0.81,18.02,4.09
2021-05-28,28.66,31.88,25.99,80.43,0.73,19.59,2.59
2021-05-29,27.49,30.11,25.58,86.71,1.13,15.37,5.3
2021-05-30,27.7,30.83,25.37,85.82,1.16,21.14,2.1
2021-05-31,27.09,29.22,25.48,87.74,1.19,16.87,10.74
2021-06-01,27.29,29.54,25.19,87.07,1.18,14.09,4.13
2021-06-02,27.46,30.47,25.19,89.15,1.35,14.55,7.7
2021-06-03,27.63,30.45,25.44,89.74,1.36,16.85,5.94
2021-06-04,27.63,30.44,25.45,89.52,1.22,17.81,2.42
2021-06-05,27.45,29.91,25.78,86.36,1.26,15.42,0.76
2021-06-06,27.39,29.93,25.02,86.42,1.19,21.38,7.12
2021-06-07,27.45,29.82,25.68,87.48,1.2,13.43,6.39
2021-06-08,27.0,29.51,25.14,87.84,1.25,15.51,3.46
2021-06-09,27.23,29.92,25.01,84.25,1.18,13.79,8.79
2021-06-10,27.41,29.6,25.45,81.21,0.87,15.65,7.93
2021-06-11,27.81,32.69,24.33,77.14,0.89,16.38,3.72
2021-06-12,26.96,29.42,25.12,87.7,1.11,15.72,4.08
2021-06-13,26.7,28.84,25.2,89.23,1.2,17.28,51.23
2021-06-14,26.97,29.82,24.77,87.23,1.03,19.49,24.12
2021-06-15,27.47,30.33,25.19,84.89,0.89,18.03,4.47
2021-06-16,26.78,28.73,25.12,85.23,1.06,21.81,8.68
2021-06-17,26.62,28.75,24.86,88.29,1.14,21.77,14.23
2021-06-18,27.02,29.59,24.39,82.53,0.89,11.35,8.83
2021-06-19,26.86,29.36,24.65,81.65,0.79,14.06,11.02
2021-06-20,27.73,32.25,24.76,76.85,1.04,15.11,26.21
2021-06-21,26.27,28.53,24.58,87.53,1.24,20.7,7.16
2021-06-22,26.55,28.74,24.72,84.42,1.25,17.87,1.47
2021-06-23,26.26,28.48,24.4,86.16,1.34,20.64,3.0
2021-06-24,27.13,30.27,24.64,82.52,0.87,19.37,0.48
2021-06-25,27.32,30.14,25.45,83.21,0.85,18.89,3.81
2021-06-26,26.93,29.63,25.08,85.07,0.99,15.42,11.75
2021-06-27,26.34,28.66,24.71,88.01,1.23,14.77,19.74
2021-06-28,26.62,29.49,24.42,84.21,1.03,20.67,6.42
2021-06-29,27.01,30.72,24.78,81.22,0.94,12.78,5.11
2021-06-30,26.2,28.7,24.27,87.86,1.35,19.13,2.38
2021-07-01,26.33,28.79,24.52,89.43,1.51,20.45,3.17
2021-07-02,27.28,30.65,24.73,84.79,0.76,14.85,5.09
2021-07-03,26.84,29.89,25.12,87.14,0.98,19.8,9.84
2021-07-04,26.53,29.13,24.81,86.87,1.22,13.6,5.56
2021-07-05,25.97,27.45,24.84,92.27,1.4,14.55,19.8
2021-07-06,26.47,28.69,24.4,87.82,1.16,13.12,63.95
2021-07-07,26.66,29.41,24.41,87.25,1.06,15.6,24.22
2021-07-08,26.53,29.06,24.64,88.83,1.27,20.06,27.87
2021-07-09,26.92,29.55,24.61,88.47,1.19,17.44,32.08
2021-07-10,25.89,27.47,24.61,92.22,1.11,12.74,11.35
2021-07-11,26.07,28.52,24.23,90.85,1.16,14.58,20.11
2021-07-12,26.22,29.89,23.85,88.4,1.08,18.53,16.31
2021-07-13,25.35,27.93,23.66,89.47,1.45,7.03,10.94
2021-07-14,25.84,29.06,23.08,84.1,1.26,9.95,0.43
2021-07-15,26.64,29.74,24.32,85.65,1.12,22.87,0.01
2021-07-16,26.81,29.45,24.57,88.42,1.27,18.35,0.0
2021-07-17,27.02,30.07,24.67,87.92,1.35,21.36,3.5
2021-07-18,27.24,30.44,24.51,86.09,1.18,16.72,6.02
2021-07-19,27.23,29.92,24.75,86.17,1.23,16.48,0.29
2021-07-20,26.9,28.92,25.15,87.35,0.98,17.36,0.15
2021-07-21,26.69,28.97,24.36,90.94,1.59,21.26,32.17
2021-07-22,26.73,28.83,24.79,90.41,1.4,22.17,27.59
2021-07-23,27.18,29.63,25.01,87.73,1.25,11.37,1.75
2021-07-24,26.77,29.03,25.17,88.47,1.31,19.39,0.39
2021-07-25,27.02,29.82,24.84,88.1,1.51,19.45,0.02
2021-07-26,26.89,29.53,24.82,89.71,1.42,19.29,1.42
2021-07-27,26.51,28.73,24.88,88.58,1.43,20.97,3.7
2021-07-28,26.63,29.38,24.94,88.95,1.53,21.71,4.55
2021-07-29,26.26,28.17,24.92,88.72,1.53,20.12,3.78
2021-07-30,26.64,28.49,24.83,87.97,1.2,18.51,2.51
2021-07-31,26.6,28.71,24.85,87.26,1.16,12.97,4.89
2021-08-01,26.13,27.78,25.05,89.84,1.33,14.61,7.92
2021-08-02,26.15,28.02,24.6,88.98,1.23,18.4,1.52
2021-08-03,26.84,29.84,24.31,85.95,1.11,20.13,7.47
2021-08-04,26.63,29.26,24.68,88.51,1.17,15.96,8.56
2021-08-05,26.18,28.0,24.94,90.61,1.46,20.74,14.54
2021-08-06,26.46,28.97,24.75,90.87,1.43,12.99,51.68
2021-08-07,26.76,29.27,24.59,89.62,1.12,14.93,39.28
2021-08-08,26.95,29.61,24.99,87.68,0.95,8.21,8.67
2021-08-09,27.36,30.88,24.56,83.04,0.94,22.26,7.21
2021-08-10,27.27,30.23,25.13,86.43,1.18,18.98,10.65
2021-08-11,26.98,29.93,24.82,89.04,1.47,14.14,4.6
2021-08-12,26.85,30.03,24.44,87.59,1.46,18.86,1.21
2021-08-13,26.77,30.02,24.13,86.61,1.44,21.45,1.65
2021-08-14,26.74,30.06,24.36,88.06,1.16,17.6,4.26
2021-08-15,26.65,29.44,24.41,87.12,1.02,15.21,14.37
2021-08-16,26.89,30.72,23.9,84.19,1.07,18.07,5.07
2021-08-17,26.44,29.2,23.86,83.73,0.72,9.19,10.44
2021-08-18,26.01,29.11,23.87,86.44,0.78,10.58,29.09
2021-08-19,25.59,27.93,23.77,87.62,1.37,16.38,10.98
2021-08-20,25.68,28.44,23.82,87.32,1.02,6.25,13.96
2021-08-21,25.6,27.97,23.48,88.56,1.3,17.69,3.31
2021-08-22,25.55,27.62,23.96,90.33,1.2,7.75,10.2
2021-08-23,26.2,28.99,24.19,86.08,1.03,19.8,14.11
2021-08-24,25.67,27.71,24.08,89.57,1.12,8.41,21.76
2021-08-25,25.61,27.71,24.01,90.41,1.55,14.33,5.46
2021-08-26,26.07,28.9,23.63,88.9,1.35,19.86,1.98
2021-08-27,26.12,28.91,23.94,89.6,1.4,21.51,1.52
2021-08-28,26.69,29.97,23.95,87.3,1.3,22.67,3.04
2021-08-29,26.25,28.82,24.52,89.3,1.31,11.09,11.7
2021-08-30,25.85,28.32,23.93,89.5,1.4,13.38,6.31
2021-08-31,26.25,29.42,24.0,89.21,1.3,16.73,9.21
2021-09-01,26.07,28.51,24.38,88.49,1.59,20.51,16.38
2021-09-02,25.64,28.21,23.87,88.9,1.43,10.24,17.91
2021-09-03,26.13,28.96,23.82,88.19,1.26,22.69,3.37
2021-09-04,26.47,29.63,23.58,85.7,1.14,18.33,14.97
2021-09-05,26.43,29.19,24.06,86.49,1.08,22.22,9.35
2021-09-06,26.83,30.27,24.0,83.33,0.94,20.2,8.04
2021-09-07,26.53,29.2,24.34,86.39,1.21,17.43,15.92
2021-09-08,26.22,28.51,24.01,88.95,1.47,18.57,13.92
2021-09-09,26.79,29.57,24.4,85.55,1.31,22.72,9.99
2021-09-10,26.39,28.61,24.69,88.21,1.07,15.33,48.95
2021-09-11,26.8,29.64,24.2,86.02,1.36,21.68,8.3
2021-09-12,26.7,29.48,24.39,88.65,1.21,14.67,8.36
2021-09-13,25.49,27.35,24.0,90.32,1.49,8.36,19.32
2021-09-14,25.89,28.93,23.43,85.33,1.03,12.91,1.78
2021-09-15,27.17,30.94,24.16,82.58,1.09,20.79,1.85
2021-09-16,26.87,30.59,24.1,88.16,1.35,20.33,6.25
2021-09-17,27.14,31.16,23.76,85.67,1.26,23.52,2.89
2021-09-18,27.35,31.35,23.86,83.4,1.02,21.0,1.94
2021-09-19,26.45,29.26,24.11,89.73,1.47,9.94,13.73
2021-09-20,26.7,29.41,24.38,84.85,1.26,21.44,3.67
2021-09-21,27.26,30.47,24.57,85.89,1.31,19.03,10.6
2021-09-22,26.99,28.87,25.34,85.31,1.15,22.04,7.07
2021-09-23,26.95,29.36,25.21,83.76,0.94,20.7,6.47
2021-09-24,27.23,30.56,24.67,86.51,1.21,22.22,1.74
2021-09-25,27.77,31.06,24.99,82.78,0.65,22.12,3.12
2021-09-26,27.05,30.33,24.83,88.58,1.42,20.14,10.87
2021-09-27,27.06,30.05,24.36,84.32,0.64,19.71,11.2
2021-09-28,27.24,30.61,24.36,84.24,0.84,16.01,2.32
2021-09-29,27.59,30.79,25.05,82.53,0.88,18.01,8.14
2021-09-30,25.84,27.8,24.73,89.92,1.69,8.36,17.62
2021-10-01,25.82,27.97,24.29,89.41,1.66,17.51,19.56
2021-10-02,25.94,29.03,24.0,87.12,1.43,11.46,3.74
2021-10-03,27.38,31.35,24.15,76.06,0.71,20.38,0.28
2021-10-04,27.81,30.9,24.84,78.54,1.0,22.24,0.31
2021-10-05,26.75,28.77,25.07,87.62,1.32,15.36,2.64
2021-10-06,26.83,30.02,24.51,87.92,1.6,20.75,0.25
2021-10-07,26.58,30.15,24.45,89.01,1.34,19.57,0.12
2021-10-08,27.11,29.98,24.9,86.88,1.22,23.22,0.1
2021-10-09,27.4,30.05,25.26,86.86,1.13,21.3,10.69
2021-10-10,27.34,29.79,25.46,87.2,1.4,10.9,16.42
2021-10-11,27.09,29.94,24.31,76.96,1.57,23.59,3.13
2021-10-12,27.79,30.05,25.32,79.38,1.19,20.8,0.35
2021-10-13,27.66,30.19,25.95,82.79,1.08,18.56,2.97
2021-10-14,27.07,29.54,25.54,89.48,1.73,21.6,1.89
2021-10-15,27.12,29.37,25.16,88.02,1.47,21.96,0.47
2021-10-16,26.99,29.13,25.18,89.34,1.32,13.55,2.4
2021-10-17,27.99,32.56,24.94,79.42,0.59,6.78,20.8
2021-10-18,26.46,29.69,23.76,84.1,1.01,15.88,7.63
2021-10-19,26.96,30.29,24.4,84.82,1.1,21.14,5.19
2021-10-20,26.58,29.22,24.35,85.5,1.05,7.4,69.18
2021-10-21,26.78,29.58,23.86,82.34,0.85,22.45,4.98
2021-10-22,26.98,29.47,24.25,82.62,0.66,19.11,7.82
2021-10-23,28.09,31.78,24.97,77.59,0.47,20.42,3.46
2021-10-24,27.56,30.49,24.54,82.08,0.71,19.15,2.23
2021-10-25,27.49,31.0,24.62,84.56,0.81,15.99,3.68
2021-10-26,27.96,31.31,24.86,82.01,0.84,21.95,4.74
2021-10-27,26.93,29.2,25.58,86.76,1.08,21.68,5.57
2021-10-28,27.44,31.07,25.03,82.67,1.2,11.5,1.91
2021-10-29,26.75,29.34,24.64,88.65,1.28,18.31,2.94
2021-10-30,27.58,31.38,24.94,82.88,0.93,20.16,2.31
2021-10-31,27.34,30.49,24.62,84.98,0.77,18.69,12.6
2021-11-01,26.83,29.66,24.71,86.91,0.89,13.03,34.62
2021-11-02,25.88,28.84,23.81,89.8,1.3,13.49,16.44
2021-11-03,26.01,28.84,23.47,86.97,1.16,16.42,3.59
2021-11-04,27.07,30.58,23.56,84.3,0.79,17.83,8.91
2021-11-05,27.4,31.56,24.59,84.88,0.77,15.07,14.18
2021-11-06,27.61,30.39,24.55,81.61,1.06,21.4,1.41
2021-11-07,27.06,30.1,25.09,85.68,0.87,18.17,6.49
2021-11-08,27.67,31.11,24.45,79.38,0.48,17.93,0.26
2021-11-09,27.5,30.75,24.89,85.2,1.1,20.91,4.52
2021-11-10,25.71,27.27,24.66,93.04,1.34,9.52,16.72
2021-11-11,25.54,27.15,24.15,91.04,1.44,16.23,4.58
2021-11-12,26.48,29.33,24.41,88.58,1.55,14.52,1.72
2021-11-13,26.74,30.05,24.23,88.45,1.26,12.45,0.75
2021-11-14,27.46,30.48,24.87,83.18,0.86,18.33,4.1
2021-11-15,27.78,31.72,25.16,80.31,0.84,16.17,4.25
2021-11-16,27.84,31.54,24.48,79.91,0.6,19.41,4.04
2021-11-17,27.08,30.92,24.66,86.49,0.83,17.89,22.27
2021-11-18,27.01,29.99,24.29,83.43,0.81,14.19,5.63
2021-11-19,27.34,30.68,24.7,84.61,0.9,16.32,6.9
2021-11-20,26.62,28.49,25.3,89.61,1.2,13.19,14.77
2021-11-21,27.59,31.33,24.97,82.36,0.73,21.07,23.71
2021-11-22,27.63,30.74,24.26,80.66,0.75,22.07,10.09
2021-11-23,27.89,31.5,25.04,82.64,0.44,11.44,17.92
2021-11-24,26.54,28.74,24.76,86.61,0.71,7.77,17.33
2021-11-25,27.2,31.15,24.23,80.5,0.68,17.69,3.36
2021-11-26,25.94,28.11,24.28,89.64,1.24,16.65,3.73
2021-11-27,26.29,28.52,24.13,86.33,1.03,18.46,1.73
2021-11-28,26.61,30.54,24.31,85.77,1.19,16.75,8.48
2021-11-29,26.36,28.89,24.4,87.77,1.59,22.11,1.25
2021-11-30,26.95,29.71,24.04,84.06,1.4,22.68,0.58
2021-12-01,27.43,30.43,24.71,77.82,1.11,21.68,3.2
2021-12-02,26.43,29.65,24.77,88.9,0.98,8.45,28.87
2021-12-03,25.52,27.54,23.83,91.53,1.26,14.33,4.67
2021-12-04,25.62,27.86,23.95,91.78,1.49,13.32,1.52
2021-12-05,25.22,26.49,24.06,93.68,1.31,12.43,2.52
2021-12-06,25.31,28.13,23.01,88.11,1.57,15.0,0.14
2021-12-07,25.76,28.74,23.71,89.42,1.86,19.17,0.34
2021-12-08,25.91,29.46,23.84,88.7,2.15,17.72,0.03
2021-12-09,26.32,30.27,23.29,86.88,1.86,21.37,0.35
2021-12-10,26.22,29.45,24.22,90.39,1.71,11.85,6.87
2021-12-11,25.62,27.72,24.06,93.64,1.39,15.7,23.44
2021-12-12,25.79,28.62,23.93,92.28,1.68,15.72,15.93
2021-12-13,26.0,29.2,23.85,90.28,1.7,20.27,11.05
2021-12-14,26.18,29.88,23.61,89.16,1.82,21.6,3.49
2021-12-15,25.88,28.85,23.85,91.36,1.47,19.09,5.48
2021-12-16,26.24,28.58,24.16,91.92,1.58,15.92,12.92
2021-12-17,26.01,27.15,25.27,95.09,1.96,12.0,33.62
2021-12-18,26.57,29.26,24.36,86.52,0.94,12.53,53.13
2021-12-19,25.79,28.4,23.93,90.36,1.53,12.93,10.34
2021-12-20,25.85,28.88,23.13,85.25,1.0,17.43,0.13
2021-12-21,26.76,30.6,23.63,85.31,1.0,20.14,1.81
2021-12-22,26.82,30.1,24.14,87.61,0.97,12.05,2.28
2021-12-23,26.92,30.12,24.19,84.52,0.86,11.12,7.14
2021-12-24,27.14,30.45,24.72,85.35,0.65,12.82,6.56
2021-12-25,26.3,29.0,24.55,90.33,1.46,13.6,1.04
2021-12-26,26.26,29.49,24.07,90.4,1.62,19.32,37.35
2021-12-27,26.44,30.43,23.88,86.69,1.67,19.6,14.96
2021-12-28,25.89,29.38,23.42,89.97,1.76,20.51,1.52
2021-12-29,26.09,29.84,23.26,89.79,1.37,20.18,3.35
2021-12-30,25.59,27.57,24.15,94.03,1.42,15.84,6.15
2021-12-31,25.44,27.47,24.17,93.38,1.98,7.63,33.09
2022-01-01,25.51,27.65,23.77,94.2,1.49,7.16,35.04
2022-01-02,25.49,28.45,23.59,91.97,1.23,3.66,32.26
2022-01-03,24.93,27.32,23.34,93.1,1.42,9.31,16.97
2022-01-04,25.72,28.67,23.12,90.72,1.33,18.99,4.0
2022-01-05,25.98,29.2,23.58,89.82,1.42,21.12,1.86
2022-01-06,26.14,29.47,23.5,88.88,1.48,21.82,0.89
2022-01-07,26.17,29.47,23.72,89.65,1.35,21.57,0.34
2022-01-08,25.73,28.15,24.19,92.06,1.63,18.64,0.17
2022-01-09,26.06,29.68,23.8,89.35,1.79,21.74,0.1
2022-01-10,25.53,29.6,22.73,87.42,1.98,21.26,0.0
2022-01-11,25.43,29.72,22.09,88.72,1.68,18.45,21.35
2022-01-12,25.43,29.43,22.95,88.41,1.93,20.71,17.89
2022-01-13,25.09,29.18,21.99,87.11,1.88,24.04,0.0
2022-01-14,24.9,28.78,22.0,86.89,1.92,22.28,0.0
2022-01-15,25.29,29.62,21.93,87.38,1.66,22.74,0.0
2022-01-16,25.84,29.57,23.12,88.61,1.64,20.84,0.0
2022-01-17,25.8,29.46,23.61,89.64,1.75,17.85,1.7
2022-01-18,25.35,28.28,23.12,88.3,1.93,18.54,0.31
2022-01-19,25.17,28.41,22.98,89.95,1.61,18.64,5.15
2022-01-20,25.63,29.66,23.15,86.63,1.39,21.93,1.56
2022-01-21,25.71,29.88,22.5,87.02,1.58,20.66,0.04
2022-01-22,26.34,30.43,22.98,84.66,1.18,18.2,0.09
2022-01-23,26.26,30.9,23.02,85.28,1.18,20.99,0.37
2022-01-24,26.38,30.73,22.65,82.73,0.89,16.86,0.22
2022-01-25,26.21,30.36,23.57,85.32,1.52,21.26,0.55
2022-01-26,26.01,30.51,22.96,85.46,1.55,19.59,0.19
2022-01-27,25.81,30.65,22.23,85.63,1.4,20.75,0.07
2022-01-28,25.97,30.92,22.0,85.55,1.45,22.55,0.22
2022-01-29,26.37,31.44,22.25,83.82,1.27,22.91,0.08
2022-01-30,26.29,30.79,22.59,86.92,1.43,21.1,3.43
2022-01-31,26.22,30.34,23.43,86.67,1.27,20.88,0.68
2022-02-01,26.04,30.36,23.23,86.68,1.65,20.48,0.38
2022-02-02,26.21,30.88,22.44,85.63,1.34,19.67,0.21
2022-02-03,26.02,29.33,23.57,89.52,1.42,21.3,2.02
2022-02-04,26.07,29.18,24.09,89.15,1.82,19.88,0.82
2022-02-05,25.83,28.82,23.94,90.26,1.61,17.82,7.8
2022-02-06,25.51,27.46,23.98,92.45,1.16,12.99,8.41
2022-02-07,24.77,26.4,22.76,91.82,1.42,15.78,12.82
2022-02-08,24.7,27.41,22.3,91.25,0.97,14.98,7.15
2022-02-09,25.22,27.42,23.39,90.14,1.02,15.91,25.07
2022-02-10,24.62,26.42,23.25,92.15,1.14,6.93,43.97
2022-02-11,24.35,26.48,22.61,91.85,1.33,17.01,8.52
2022-02-12,25.43,28.7,22.97,84.94,1.13,20.69,41.2
2022-02-13,26.82,30.87,22.58,82.36,0.72,19.55,16.46
2022-02-14,26.55,29.69,24.24,89.36,1.09,18.02,13.65
2022-02-15,26.0,28.41,24.31,91.6,1.21,21.47,11.76
2022-02-16,26.11,29.18,23.66,87.83,0.99,13.44,5.16
2022-02-17,26.7,30.09,24.3,83.31,0.76,21.85,1.15
2022-02-18,26.7,30.28,23.6,87.87,1.21,20.11,0.08
2022-02-19,26.39,28.99,24.01,88.26,0.95,18.6,0.69
2022-02-20,26.58,29.82,23.95,88.4,0.96,22.26,1.99
2022-02-21,26.74,30.93,23.66,84.92,1.26,21.78,8.09
2022-02-22,26.37,30.38,23.25,87.08,1.44,20.26,8.92
2022-02-23,25.56,27.7,23.99,93.62,1.35,19.66,36.99
2022-02-24,24.98,26.85,23.59,92.82,1.32,10.09,34.6
2022-02-25,25.41,28.09,23.38,91.63,1.2,20.95,6.09
2022-02-26,26.04,28.56,23.35,86.52,0.87,15.1,2.49
2022-02-27,26.1,28.49,24.37,89.8,1.29,17.22,14.66
2022-02-28,26.02,28.92,24.05,91.14,1.54,20.18,4.6
2022-03-01,26.37,30.06,23.79,88.42,1.34,16.62,20.27
2022-03-02,26.43,30.04,23.66,88.44,1.23,23.58,16.81
2022-03-03,26.22,29.04,24.09,89.4,1.29,20.8,8.62
2022-03-04,25.73,28.54,24.17,92.15,1.28,19.31,17.31
2022-03-05,25.55,28.14,23.55,89.67,1.08,20.39,5.67
2022-03-06,26.18,29.03,23.36,85.14,0.76,13.56,2.29
2022-03-07,26.46,29.5,23.71,86.53,1.14,15.96,22.22
2022-03-08,27.17,31.26,23.79,83.35,1.02,19.79,2.36
2022-03-09,26.34,29.51,23.87,90.04,1.33,20.26,3.37
2022-03-10,26.48,29.07,24.29,88.82,1.11,14.89,2.72
2022-03-11,26.68,29.78,24.17,85.81,0.97,22.07,0.6
2022-03-12,26.7,31.19,23.38,86.02,1.5,22.36,0.15
2022-03-13,27.49,31.5,23.12,83.67,0.97,23.32,0.11
2022-03-14,28.21,31.42,25.09,84.21,0.59,21.42,9.33
2022-03-15,26.43,28.42,25.05,90.62,0.73,15.94,20.91
2022-03-16,27.84,31.27,24.7,82.85,0.68,23.37,7.76
2022-03-17,27.9,31.8,25.52,85.65,0.83,18.12,6.55
2022-03-18,26.33,27.83,25.19,87.34,0.83,15.91,13.03
2022-03-19,27.51,30.55,25.02,82.5,0.86,22.87,0.01
2022-03-20,26.79,29.23,24.82,88.52,0.99,14.36,15.42
2022-03-21,27.51,31.0,24.71,83.43,1.02,14.95,6.0
2022-03-22,27.76,31.31,24.68,82.11,0.66,13.96,1.76
2022-03-23,27.7,31.31,24.37,81.83,0.68,16.26,3.28
2022-03-24,28.24,31.73,24.56,78.49,0.61,23.98,2.9
2022-03-25,27.78,31.76,24.6,82.82,0.93,24.32,3.48
2022-03-26,27.58,30.97,24.31,82.12,0.6,21.29,4.86
2022-03-27,27.69,30.74,24.63,80.17,0.79,23.77,2.72
2022-03-28,27.8,31.25,24.66,82.9,0.95,24.13,2.76
2022-03-29,27.7,30.91,25.35,84.97,0.89,23.43,2.38
2022-03-30,27.59,30.75,24.49,83.39,0.9,22.82,2.67
2022-03-31,27.19,29.68,25.04,85.31,1.04,15.19,3.45
2022-04-01,27.57,30.73,24.48,81.69,0.89,23.04,3.08
2022-04-02,27.61,30.51,25.25,81.01,0.84,19.55,12.36
2022-04-03,26.78,29.66,24.65,86.02,1.05,17.95,9.39
2022-04-04,26.5,29.52,23.93,85.33,0.91,20.45,3.13
2022-04-05,26.23,29.18,23.89,89.31,1.21,14.55,8.7
2022-04-06,26.55,29.97,23.81,86.82,1.09,18.74,43.41
2022-04-07,26.23,28.79,23.97,85.45,1.02,14.26,6.48
2022-04-08,26.87,30.34,23.73,83.95,0.92,20.81,4.43
2022-04-09,26.83,29.6,24.38,84.69,0.83,16.14,4.14
2022-04-10,27.42,30.77,24.19,82.61,0.66,19.96,4.58
2022-04-11,27.87,31.86,24.65,81.52,0.75,16.29,6.09
2022-04-12,28.21,31.96,24.89,78.66,0.77,20.42,6.79
2022-04-13,27.76,31.47,25.55,81.86,0.77,18.2,17.15
2022-04-14,27.61,30.88,24.68,83.44,1.07,22.18,4.66
2022-04-15,27.52,30.06,25.54,86.04,0.99,15.92,9.97
2022-04-16,27.87,31.03,25.18,82.96,0.97,20.07,4.07
2022-04-17,28.75,32.5,25.03,79.18,0.53,12.78,5.17
2022-04-18,27.35,29.08,25.81,85.45,0.88,16.86,15.44
2022-04-19,27.54,31.34,24.52,84.58,1.04,20.66,8.5
2022-04-20,27.82,31.57,24.48,81.83,0.76,14.9,11.37
2022-04-21,27.91,31.67,25.17,80.96,0.68,8.63,18.14
2022-04-22,27.52,31.3,24.66,84.77,1.17,22.41,5.27
2022-04-23,28.17,31.78,25.05,82.07,0.72,20.75,2.6
2022-04-24,28.44,32.08,25.26,80.33,0.61,20.2,1.75
2022-04-25,27.35,29.55,25.25,87.3,0.88,15.66,2.94
2022-04-26,28.09,31.47,24.95,81.41,0.89,18.37,38.34
2022-04-27,28.55,32.06,25.43,79.7,0.62,19.17,28.26
2022-04-28,28.37,31.56,25.92,82.91,0.69,18.66,9.45
2022-04-29,28.32,30.66,26.08,81.43,0.88,21.58,5.13
2022-04-30,27.77,29.79,26.16,83.84,0.72,17.21,2.47
2022-05-01,28.16,31.48,25.61,81.92,0.86,15.04,1.74
2022-05-02,27.34,30.31,25.9,86.87,0.93,20.01,24.4
2022-05-03,27.34,30.25,25.13,86.0,1.17,19.53,12.53
2022-05-04,27.35,29.9,25.3,88.04,1.23,15.11,5.39
2022-05-05,27.41,29.97,25.22,86.37,1.19,18.66,3.03
2022-05-06,27.49,30.06,25.33,90.86,1.3,11.84,12.0
2022-05-07,26.99,28.54,25.9,93.02,1.51,12.38,7.2
2022-05-08,26.95,29.39,25.18,90.97,1.4,13.5,2.98
2022-05-09,27.14,29.66,24.84,92.22,1.3,19.93,14.68
2022-05-10,27.85,30.98,25.32,89.1,1.12,21.49,13.04
2022-05-11,27.71,30.44,25.49,88.22,0.95,15.91,7.06
2022-05-12,27.67,30.48,25.33,86.24,1.3,23.41,1.06
2022-05-13,29.25,33.3,26.3,78.43,0.76,21.93,0.57
2022-05-14,29.24,32.58,26.94,86.48,0.53,20.52,8.23
2022-05-15,28.18,31.02,26.64,86.22,0.78,16.14,12.46
2022-05-16,26.59,28.13,25.36,89.86,0.98,5.85,19.91
2022-05-17,27.98,31.28,24.84,77.84,0.76,21.23,0.12
2022-05-18,27.72,30.33,25.22,84.65,0.97,21.09,0.53
2022-05-19,28.66,31.76,26.28,79.87,0.6,12.48,5.08
2022-05-20,28.66,31.65,25.58,79.05,0.61,20.3,2.03
2022-05-21,27.61,29.19,26.22,85.94,0.94,19.65,9.72
2022-05-22,27.57,29.72,25.53,83.07,1.08,21.51,16.1
2022-05-23,28.91,33.03,25.48,78.75,0.84,19.72,8.97
2022-05-24,29.12,33.47,26.1,77.51,0.63,19.74,31.68
2022-05-25,27.31,30.38,25.2,86.29,1.03,9.72,42.99
2022-05-26,27.6,31.85,24.81,81.23,0.88,16.61,0.85
2022-05-27,27.48,30.18,25.17,84.14,0.93,20.44,0.08
2022-05-28,27.17,29.95,25.11,85.42,1.18,18.92,0.41
2022-05-29,27.5,30.65,24.8,82.97,1.05,21.76,0.07
2022-05-30,28.07,31.1,24.98,79.4,0.78,20.75,1.48
2022-05-31,28.26,31.36,26.17,80.39,0.83,20.37,0.47
2022-06-01,28.1,30.8,26.18,82.28,0.95,17.46,7.54
2022-06-02,26.85,29.02,25.11,86.0,1.37,15.28,21.3
2022-06-03,26.67,29.09,24.27,84.32,1.35,20.06,5.18
2022-06-04,26.85,28.78,24.85,84.4,0.96,16.64,7.11
2022-06-05,27.73,31.46,25.28,79.48,0.81,14.63,7.64
2022-06-06,26.68,28.93,24.92,88.03,1.18,19.19,11.27
2022-06-07,27.2,30.1,24.85,84.77,1.0,14.26,9.66
2022-06-08,28.45,32.45,25.66,76.25,0.66,15.11,15.28
2022-06-09,27.54,30.81,24.52,80.4,0.79,16.14,9.0
2022-06-10,27.08,30.69,24.8,82.98,1.0,19.56,8.09
2022-06-11,26.86,30.26,24.16,87.43,1.09,11.19,4.28
2022-06-12,26.62,28.68,24.72,85.14,0.83,14.38,3.23
2022-06-13,28.41,32.85,24.53,74.31,0.52,15.84,3.07
2022-06-14,27.11,29.04,25.73,87.14,0.8,15.43,3.69
2022-06-15,26.84,29.26,25.27,86.75,1.11,12.9,8.56
2022-06-16,27.51,31.71,24.92,81.97,0.94,13.77,15.11
2022-06-17,27.11,31.01,24.03,82.41,0.95,12.3,1.17
2022-06-18,27.82,31.33,25.05,79.24,0.79,16.03,7.17
2022-06-19,27.99,32.02,24.84,81.06,0.83,19.93,6.34
2022-06-20,26.32,28.36,25.0,89.81,1.19,11.58,8.84
2022-06-21,26.39,28.59,24.61,88.59,1.22,9.65,31.27
2022-06-22,26.04,27.7,25.03,90.89,1.5,18.44,50.98
2022-06-23,26.29,28.61,24.55,88.47,1.16,16.33,24.78
2022-06-24,26.28,28.69,24.51,88.44,1.21,18.37,10.0
2022-06-25,26.21,28.32,24.54,87.75,1.0,12.71,7.74
2022-06-26,26.99,29.46,25.25,89.38,1.21,20.7,3.51
2022-06-27,28.1,31.46,25.03,78.67,0.93,20.04,1.98
2022-06-28,26.98,29.62,25.21,88.59,1.25,6.15,1.2
2022-06-29,26.52,28.99,24.49,87.79,1.32,21.73,1.09
2022-06-30,25.92,27.84,24.58,89.46,1.61,14.67,4.96
2022-07-01,26.59,29.9,24.13,86.96,1.51,21.07,0.0
2022-07-02,26.99,30.02,24.75,87.46,1.57,19.9,0.19
2022-07-03,27.04,29.57,25.1,87.25,1.37,19.72,0.25
2022-07-04,27.58,29.98,25.47,85.4,0.99,21.84,0.94
2022-07-05,27.36,29.86,25.62,86.6,0.99,6.87,5.61
2022-07-06,28.31,31.84,24.99,78.42,0.87,13.92,23.96
2022-07-07,27.86,30.6,26.01,83.08,1.03,22.41,5.85
2022-07-08,27.02,28.78,25.15,86.15,1.31,20.28,1.33
2022-07-09,27.25,29.17,25.08,83.94,1.05,19.34,0.0
2022-07-10,27.22,29.35,25.6,84.9,1.03,15.16,1.74
2022-07-11,26.75,28.83,25.04,88.93,1.1,15.1,4.21
2022-07-12,27.06,29.27,25.39,85.56,1.11,14.0,2.06
2022-07-13,27.14,29.97,24.98,84.5,0.81,13.8,0.04
2022-07-14,28.6,33.48,25.21,77.93,0.75,16.71,2.43
2022-07-15,28.0,31.51,25.35,82.56,1.07,20.28,2.96
2022-07-16,26.73,29.04,25.2,90.08,1.65,22.2,1.62
2022-07-17,27.48,31.0,24.63,86.23,1.18,21.01,0.0
2022-07-18,27.33,30.64,24.78,87.33,1.21,20.33,0.0
2022-07-19,27.51,29.84,25.42,88.43,1.13,19.57,12.47
2022-07-20,26.46,28.1,25.27,91.83,0.99,8.78,15.66
2022-07-21,27.01,29.68,24.71,86.38,1.07,18.45,7.48
2022-07-22,27.34,30.74,25.34,86.5,0.94,16.66,6.57
2022-07-23,27.44,31.3,24.55,83.83,0.95,20.83,2.82
2022-07-24,27.57,30.91,24.34,82.51,0.76,18.93,5.3
2022-07-25,27.28,30.25,25.08,81.9,0.86,18.92,12.36
2022-07-26,26.1,28.22,24.58,88.24,1.35,14.92,2.94
2022-07-27,26.69,29.23,24.42,89.61,1.43,18.89,1.48
2022-07-28,26.94,28.87,25.33,91.72,1.39,8.99,10.66
2022-07-29,26.7,29.1,25.11,90.73,1.4,7.15,6.42
2022-07-30,26.62,29.33,24.8,88.18,1.4,22.24,2.29
2022-07-31,26.98,30.4,24.43,86.51,1.45,13.09,10.3
2022-08-01,27.26,30.32,24.62,86.11,1.05,17.46,10.46
2022-08-02,26.72,29.51,24.93,87.64,1.03,3.97,12.15
2022-08-03,25.99,27.94,24.67,87.57,1.09,13.47,21.84
2022-08-04,25.74,28.39,23.81,87.35,1.05,9.93,3.55
2022-08-05,27.39,30.65,24.19,76.52,0.87,11.54,0.89
2022-08-06,27.25,31.28,23.03,77.64,0.94,19.96,0.25
2022-08-07,26.91,29.15,25.38,86.64,1.28,17.47,20.44
2022-08-08,27.01,30.11,24.79,87.7,1.31,12.67,14.59
2022-08-09,27.35,30.73,24.68,85.27,1.04,19.72,4.61
2022-08-10,26.66,28.61,24.95,90.45,1.39,19.63,3.16
2022-08-11,26.99,30.09,24.84,88.2,1.53,22.58,0.55
2022-08-12,27.07,29.54,25.26,89.8,1.23,18.83,6.12
2022-08-13,27.21,30.36,25.23,82.99,1.05,14.19,11.37
2022-08-14,27.2,30.77,24.02,84.33,1.0,18.21,5.4
2022-08-15,27.05,29.91,24.73,87.32,1.1,19.38,3.46
2022-08-16,28.06,31.62,25.43,79.13,0.89,18.91,0.99
2022-08-17,27.38,30.47,25.16,86.8,1.36,20.51,1.47
2022-08-18,27.09,30.21,24.98,87.81,1.45,12.25,3.37
2022-08-19,27.21,30.17,24.84,85.65,1.23,21.36,0.88
2022-08-20,27.06,29.53,25.25,86.94,1.12,10.55,6.62
2022-08-21,26.55,28.74,24.65,85.83,1.15,15.28,4.94
2022-08-22,26.66,29.36,24.47,86.36,1.05,21.13,1.11
2022-08-23,26.77,29.48,24.8,86.25,1.0,11.6,5.75
2022-08-24,26.91,30.11,24.69,86.1,1.24,18.75,5.8
2022-08-25,25.98,27.82,24.84,92.92,1.48,15.45,17.97
2022-08-26,26.04,28.29,24.45,90.68,1.12,4.15,14.41
2022-08-27,26.44,28.99,24.05,82.97,0.84,18.05,28.91
2022-08-28,27.14,29.69,24.6,78.99,0.78,19.1,4.31
2022-08-29,27.22,30.56,24.74,81.75,0.71,11.11,16.77
2022-08-30,26.47,29.04,24.51,87.52,1.12,18.36,1.84
2022-08-31,26.81,29.53,24.46,86.3,1.0,19.41,0.75
2022-09-01,27.49,30.53,25.02,81.95,0.89,20.16,9.15
2022-09-02,26.72,29.43,24.83,86.04,1.29,15.35,8.07
2022-09-03,26.8,30.07,24.24,85.67,1.36,19.31,12.71
2022-09-04,27.35,30.23,25.27,83.0,1.26,19.46,8.0
2022-09-05,27.94,32.05,25.05,79.24,0.89,8.74,7.53
2022-09-06,27.83,30.62,24.81,80.48,0.68,20.81,4.1
2022-09-07,26.25,28.22,24.58,88.57,1.28,12.24,6.64
2022-09-08,26.84,31.0,23.88,79.9,1.04,16.15,4.61
2022-09-09,26.18,28.86,24.53,87.68,1.01,6.86,17.77
2022-09-10,26.86,29.47,24.1,83.72,0.91,22.51,4.83
2022-09-11,26.4,29.78,24.24,84.29,1.09,5.02,13.83
2022-09-12,26.79,30.66,23.48,75.42,0.87,21.11,2.67
2022-09-13,26.38,28.9,24.39,81.21,1.03,17.04,2.41
2022-09-14,25.48,28.17,23.73,88.27,1.6,15.88,6.9
2022-09-15,26.34,28.99,23.93,85.67,1.0,21.13,4.58
2022-09-16,27.35,30.26,25.28,81.5,1.02,16.6,6.22
2022-09-17,26.43,28.63,24.76,89.41,1.37,17.23,14.83
2022-09-18,25.83,27.81,24.4,90.12,1.52,6.8,22.78
2022-09-19,26.57,29.61,23.89,82.29,1.12,15.28,4.47
2022-09-20,26.81,30.0,24.35,83.62,1.04,12.53,7.66
2022-09-21,26.99,29.73,24.81,84.46,1.1,21.62,4.31
2022-09-22,25.62,26.68,24.74,88.95,1.51,12.49,9.03
2022-09-23,26.28,28.66,24.24,85.73,1.18,21.78,3.12
2022-09-24,26.01,28.01,24.36,88.84,1.45,19.55,8.11
2022-09-25,25.98,27.59,24.49,88.42,1.42,7.13,12.0
2022-09-26,26.81,29.31,25.08,85.15,1.31,16.14,5.71
2022-09-27,26.83,29.61,24.54,83.49,1.27,19.03,31.22
2022-09-28,27.26,30.19,25.29,80.56,1.15,18.67,45.57
2022-09-29,26.23,28.86,24.44,89.48,1.2,18.62,2.4
2022-09-30,27.25,30.08,24.44,82.88,0.97,18.58,1.75
2022-10-01,26.75,29.35,24.54,86.76,0.8,17.89,6.45
2022-10-02,26.78,28.98,24.83,83.31,0.82,16.52,4.54
2022-10-03,26.79,29.06,24.74,84.59,0.84,19.45,17.29
2022-10-04,27.4,30.59,24.31,81.65,0.85,19.54,10.66
2022-10-05,26.76,29.5,24.93,85.54,0.98,8.18,11.73
2022-10-06,27.43,31.23,24.44,80.29,0.79,9.2,7.06
2022-10-07,25.75,27.83,24.24,91.65,1.16,12.78,13.98
2022-10-08,26.35,29.07,24.15,86.37,1.15,13.0,7.71
2022-10-09,26.78,29.56,24.69,83.34,1.14,16.69,7.21
2022-10-10,26.76,29.65,24.34,82.51,0.9,13.33,16.45
2022-10-11,27.91,31.06,24.86,76.31,0.81,20.03,8.94
2022-10-12,26.5,29.61,24.41,84.95,1.22,11.94,6.31
2022-10-13,26.83,30.29,23.87,85.28,1.23,21.12,1.59
2022-10-14,26.09,28.27,24.15,89.09,1.59,17.19,2.87
2022-10-15,26.66,29.28,24.33,88.47,1.5,20.69,7.82
2022-10-16,26.51,28.54,24.75,87.83,1.4,17.96,7.85
2022-10-17,27.08,29.51,24.53,83.68,1.11,17.79,60.19
2022-10-18,27.14,29.37,24.47,83.65,0.89,20.44,37.09
2022-10-19,27.69,30.58,24.87,81.04,0.93,17.13,3.79
2022-10-20,26.97,29.24,25.14,83.46,0.77,21.98,4.02
2022-10-21,27.72,30.41,24.73,79.3,0.74,12.58,12.07
2022-10-22,26.59,29.44,24.83,89.28,0.74,18.84,39.76
2022-10-23,26.57,29.27,24.09,86.67,1.04,14.1,4.33
2022-10-24,26.39,28.91,24.37,88.45,1.13,12.71,8.08
2022-10-25,26.57,29.64,24.0,87.86,0.94,16.31,7.34
2022-10-26,25.37,26.77,24.34,94.0,1.29,14.32,19.9
2022-10-27,26.26,29.56,24.15,88.98,1.61,20.03,7.24
2022-10-28,26.32,29.43,23.92,90.45,1.44,19.3,3.74
2022-10-29,26.36,29.34,24.35,88.87,1.27,16.14,3.04
2022-10-30,26.62,29.98,24.26,88.27,1.29,17.43,34.08
2022-10-31,26.76,29.84,24.57,86.13,1.29,16.88,15.46
2022-11-01,26.38,28.49,24.45,88.07,1.09,11.81,97.05
2022-11-02,26.46,29.13,24.25,85.81,0.89,9.0,48.84
2022-11-03,27.38,30.84,24.08,80.33,0.87,17.03,2.73
2022-11-04,27.23,29.62,24.9,83.86,0.94,18.65,11.66
2022-11-05,25.97,26.98,24.88,88.48,0.96,11.56,17.06
2022-11-06,27.13,31.19,24.65,80.9,0.47,10.12,13.05
2022-11-07,27.16,30.38,24.5,82.23,0.68,20.0,12.64
2022-11-08,25.77,27.67,24.34,91.75,1.29,15.57,38.16
2022-11-09,25.63,27.91,23.73,91.83,1.47,18.18,8.33
2022-11-10,25.22,26.77,24.0,92.47,1.24,10.62,8.63
2022-11-11,26.44,30.1,23.62,85.88,0.76,14.78,5.92
2022-11-12,25.99,28.18,24.13,92.64,1.13,10.33,23.8
2022-11-13,26.57,29.39,24.26,89.08,0.94,16.84,27.03
2022-11-14,25.97,27.38,24.82,91.8,1.09,16.38,30.3
2022-11-15,26.39,29.0,24.12,88.46,1.24,16.38,2.9
2022-11-16,26.94,30.31,24.81,86.5,0.95,20.68,13.28
2022-11-17,25.98,27.54,24.71,91.18,1.34,14.57,13.76
2022-11-18,26.23,28.57,24.39,90.31,1.19,16.96,5.48
2022-11-19,25.91,27.49,24.85,93.52,1.36,6.75,21.43
2022-11-20,26.36,28.55,24.61,92.97,1.61,19.01,12.93
2022-11-21,26.65,29.33,24.67,90.62,1.63,20.79,9.96
2022-11-22,26.6,29.24,24.99,90.13,1.48,21.45,2.09
2022-11-23,26.28,28.56,24.65,89.7,1.36,12.74,2.54
2022-11-24,26.63,29.71,24.32,87.41,1.33,18.99,6.05
2022-11-25,26.45,28.75,24.27,86.11,1.31,16.8,2.37
2022-11-26,27.99,30.83,25.29,76.44,0.63,19.56,1.18
2022-11-27,27.95,31.24,25.54,77.41,0.48,12.66,7.5
2022-11-28,26.89,29.87,24.0,83.99,0.77,18.82,5.75
2022-11-29,26.56,29.21,24.12,87.04,0.94,17.62,18.48
2022-11-30,26.15,29.47,24.06,87.97,1.02,18.09,39.23
2022-12-01,26.02,28.74,24.04,87.58,1.12,19.17,13.7
2022-12-02,26.05,29.01,23.6,89.18,1.44,13.13,13.95
2022-12-03,25.94,28.08,24.61,89.88,1.21,15.64,3.55
2022-12-04,26.63,29.84,24.07,85.52,1.16,16.03,1.98
2022-12-05,27.07,30.51,24.76,82.8,0.62,13.92,9.88
2022-12-06,27.31,30.97,24.19,81.7,0.71,18.96,4.05
2022-12-07,26.53,29.33,24.2,87.55,1.09,19.61,2.11
2022-12-08,25.62,27.51,24.4,91.78,1.12,12.41,22.6
2022-12-09,25.41,27.67,23.9,91.43,1.34,8.76,12.19
2022-12-10,25.47,27.95,23.26,88.52,1.32,15.03,15.97
2022-12-11,25.75,28.58,24.06,90.11,0.84,6.02,16.79
2022-12-12,25.78,28.99,24.02,88.88,0.94,14.09,12.19
2022-12-13,25.64,27.93,24.09,93.46,1.47,11.88,10.76
2022-12-14,25.49,27.29,24.42,94.36,1.36,10.74,8.49
2022-12-15,25.29,27.54,23.77,90.83,1.26,6.85,2.52
2022-12-16,25.93,29.52,23.05,88.81,1.5,19.81,2.2
2022-12-17,25.66,28.37,24.01,92.78,1.57,19.53,7.05
2022-12-18,26.6,30.28,23.43,85.67,1.0,17.84,18.03
2022-12-19,25.55,27.18,24.21,94.28,1.36,15.0,19.2
2022-12-20,26.11,29.31,23.81,90.33,1.22,19.92,2.94
2022-12-21,25.94,28.65,24.14,91.67,1.37,17.53,2.22
2022-12-22,25.22,27.61,23.81,92.29,1.49,9.99,2.4
2022-12-23,25.12,27.69,23.4,91.61,1.55,14.76,1.86
2022-12-24,25.37,29.22,22.83,88.02,1.81,18.23,0.39
2022-12-25,25.0,28.87,22.24,86.82,1.8,17.82,0.01
2022-12-26,25.21,28.9,22.6,87.81,1.85,17.64,0.0
2022-12-27,25.13,28.45,22.89,89.07,1.76,16.49,1.47
2022-12-28,25.41,29.3,22.39,87.28,1.49,12.23,0.46
2022-12-29,25.08,28.62,22.92,88.91,1.39,12.8,5.17
2022-12-30,25.65,29.5,22.36,87.46,1.58,16.27,70.64
2022-12-31,24.65,26.93,22.58,91.54,1.65,19.99,20.39
2023-01-01,25.58,29.17,22.88,87.26,1.38,15.51,0.66
2023-01-02,25.53,29.14,22.78,86.91,1.63,18.19,0.0
2023-01-03,25.22,27.88,23.48,90.88,1.56,19.3,8.95
2023-01-04,25.32,28.51,23.04,90.09,1.45,16.16,9.67
2023-01-05,25.45,28.91,22.87,87.96,1.45,17.53,1.62
2023-01-06,24.73,26.67,22.98,87.74,1.19,18.73,0.49
2023-01-07,25.95,29.4,22.9,85.27,1.16,15.47,1.13
2023-01-08,25.84,29.14,23.51,90.12,1.24,18.75,0.73
2023-01-09,25.96,28.88,23.54,88.12,1.02,18.01,0.4
2023-01-10,26.53,29.84,23.99,84.14,0.84,12.47,2.32
2023-01-11,26.52,29.69,24.13,82.18,0.71,11.08,5.33
2023-01-12,27.24,31.37,24.05,80.61,0.64,17.71,32.25
2023-01-13,27.16,31.21,24.0,81.87,0.69,15.56,26.09
2023-01-14,27.52,30.8,23.68,75.38,0.58,17.53,4.39
2023-01-15,26.92,30.76,23.4,81.65,0.99,18.23,0.82
2023-01-16,25.55,27.77,23.36,90.68,1.3,18.48,7.3
2023-01-17,25.49,29.81,22.32,86.33,1.67,19.68,0.62
2023-01-18,25.18,28.49,22.78,89.2,1.71,17.01,1.02
2023-01-19,25.13,28.48,22.49,90.18,1.72,15.55,4.46
2023-01-20,25.29,27.79,23.5,92.59,1.61,14.28,8.95
2023-01-21,25.67,28.76,23.65,90.99,1.58,16.42,26.89
2023-01-22,25.23,28.01,22.82,91.26,1.34,12.16,19.83
2023-01-23,25.57,28.01,23.59,90.31,1.21,8.94,22.47
2023-01-24,24.55,26.27,23.16,94.83,1.7,3.18,25.28
2023-01-25,24.36,26.4,22.97,94.5,1.61,6.3,54.88
2023-01-26,24.58,27.46,22.6,92.12,1.44,16.36,0.89
2023-01-27,25.12,27.78,23.08,90.49,1.6,19.2,0.63
2023-01-28,24.57,26.31,23.35,94.02,1.92,8.43,12.54
2023-01-29,24.35,26.02,23.23,93.93,2.15,9.45,7.07
2023-01-30,24.56,26.41,23.31,94.93,1.79,11.24,2.56
2023-01-31,24.62,26.32,23.44,94.58,1.73,10.07,3.53
2023-02-01,25.5,28.63,23.05,90.23,1.31,19.2,3.85
2023-02-02,25.66,27.84,23.97,89.75,0.87,20.84,2.82
2023-02-03,25.68,28.05,24.19,91.76,0.82,18.9,11.14
2023-02-04,25.28,27.41,23.88,93.4,1.41,13.04,10.23
2023-02-05,25.51,28.43,23.43,90.94,1.3,19.14,14.36
2023-02-06,25.04,27.49,23.1,91.93,1.28,12.89,10.2
2023-02-07,25.84,29.25,23.29,87.6,1.25,17.96,0.62
2023-02-08,25.87,29.12,23.27,89.49,1.29,19.19,2.28
2023-02-09,25.92,28.93,23.43,88.65,1.11,18.9,1.43
2023-02-10,26.19,29.57,23.44,89.06,1.39,21.47,2.44
2023-02-11,26.28,29.31,24.01,89.06,1.11,16.94,5.66
2023-02-12,26.19,29.01,24.14,87.46,0.8,20.68,12.3
2023-02-13,26.29,29.66,23.84,86.68,0.91,19.62,6.11
2023-02-14,26.1,29.37,23.29,88.57,0.97,19.39,15.25
2023-02-15,25.41,28.38,23.25,91.08,1.63,17.51,13.94
2023-02-16,25.42,29.26,22.94,87.31,1.68,21.64,0.89
2023-02-17,25.51,29.32,22.65,89.5,1.55,19.55,1.79
2023-02-18,25.89,29.53,23.45,89.76,1.63,23.74,8.23
2023-02-19,26.34,30.21,23.8,88.08,1.65,20.27,3.7
2023-02-20,25.92,29.12,23.84,88.71,1.67,13.64,1.44
2023-02-21,25.74,29.48,23.35,88.73,1.72,21.28,0.66
2023-02-22,25.54,28.94,22.75,89.53,1.57,18.4,80.83
2023-02-23,25.47,28.33,23.64,90.67,1.68,18.34,14.98
2023-02-24,25.56,29.65,22.79,86.6,1.95,16.3,0.27
2023-02-25,25.09,29.1,22.3,87.82,1.94,15.56,0.01
2023-02-26,25.2,27.92,23.16,89.42,2.39,21.27,4.83
2023-02-27,25.14,28.1,23.44,91.02,2.37,14.94,8.36
2023-02-28,24.67,26.43,23.12,94.8,1.52,8.36,109.0
2023-03-01,24.42,26.04,23.21,94.31,1.51,3.96,80.76
2023-03-02,25.11,28.2,22.46,90.37,1.3,18.22,22.04
2023-03-03,25.03,26.5,23.73,95.62,1.68,7.62,38.17
2023-03-04,24.65,26.27,23.54,94.65,1.99,5.34,30.9
2023-03-05,24.61,27.57,22.82,92.45,1.65,19.44,3.49
2023-03-06,25.16,29.41,22.0,88.79,1.69,24.15,0.48
2023-03-07,25.4,29.41,22.68,89.34,1.85,21.22,0.7
2023-03-08,25.68,29.8,22.95,89.3,1.83,23.28,0.04
2023-03-09,26.08,29.98,23.3,88.92,1.86,22.12,0.53
2023-03-10,26.09,29.72,23.81,89.37,1.88,21.8,1.91
2023-03-11,26.19,30.13,23.42,88.7,1.58,21.68,4.15
2023-03-12,25.97,30.41,23.04,87.63,1.45,23.07,0.74
2023-03-13,25.03,28.95,22.54,86.66,2.08,17.85,0.27
2023-03-14,25.15,29.23,22.44,87.91,1.9,18.27,39.4
2023-03-15,25.29,29.78,21.92,86.07,1.66,23.03,4.97
2023-03-16,25.68,30.04,22.24,87.8,1.65,23.77,50.76
2023-03-17,25.91,29.53,23.31,90.06,1.57,23.08,93.11
2023-03-18,26.18,30.37,23.09,88.69,1.43,23.01,3.82
2023-03-19,26.38,29.49,24.11,89.49,1.39,21.04,4.22
2023-03-20,26.26,29.49,23.92,89.79,1.44,18.22,22.64
2023-03-21,27.1,31.15,23.52,83.54,0.79,16.64,11.89
2023-03-22,27.06,31.78,23.32,85.11,0.93,20.53,1.3
2023-03-23,26.84,31.16,23.34,86.72,1.15,21.01,2.51
2023-03-24,27.15,31.8,23.17,85.99,0.93,19.29,2.5
2023-03-25,26.35,29.48,24.54,88.53,0.92,10.78,16.26
2023-03-26,27.58,31.48,23.81,82.24,0.84,21.7,6.41
2023-03-27,27.14,30.85,24.14,86.32,0.91,9.32,7.53
2023-03-28,26.47,31.01,22.91,85.43,1.17,23.1,1.71
2023-03-29,27.1,31.2,23.46,85.49,1.19,23.25,6.12
2023-03-30,26.67,30.0,24.42,86.9,1.29,21.97,6.94
2023-03-31,27.5,31.52,23.99,77.77,0.57,12.73,59.61
2023-04-01,27.71,31.75,24.39,76.65,0.44,13.96,29.71
2023-04-02,27.33,31.2,24.95,83.48,0.81,20.28,16.74
2023-04-03,25.68,26.83,24.65,91.83,1.14,7.67,3.91
2023-04-04,27.01,30.26,24.33,86.0,1.14,22.29,8.04
2023-04-05,26.63,29.25,24.88,88.22,1.21,11.45,7.31
2023-04-06,27.36,30.99,24.4,85.6,1.04,19.23,2.66
2023-04-07,27.93,31.65,25.07,81.77,0.82,13.68,2.92
2023-04-08,27.01,30.19,24.54,86.12,0.98,21.88,1.21
2023-04-09,26.79,29.9,24.56,88.38,1.38,22.38,5.54
2023-04-10,27.48,31.52,23.58,80.62,0.68,22.85,1.22
2023-04-11,27.42,31.51,24.01,82.3,0.86,22.5,0.13
2023-04-12,27.66,31.87,23.52,82.49,0.87,21.75,0.07
2023-04-13,28.4,31.71,25.91,81.74,0.78,20.82,0.83
2023-04-14,28.59,32.26,25.49,81.81,0.48,20.2,1.23
2023-04-15,28.21,30.95,25.87,87.34,0.75,18.49,5.09
2023-04-16,27.56,29.83,26.04,89.79,1.22,17.14,9.17
2023-04-17,28.44,31.97,25.12,79.35,0.87,19.72,2.89
2023-04-18,28.34,31.48,25.45,82.74,0.82,18.25,6.4
2023-04-19,27.87,31.23,25.09,84.78,0.96,19.29,9.13
2023-04-20,27.22,30.0,24.68,87.45,1.15,13.11,9.04
2023-04-21,28.29,32.67,25.01,80.52,0.94,19.09,2.62
2023-04-22,27.48,29.64,25.49,88.26,0.89,16.88,6.93
2023-04-23,28.16,31.17,25.36,86.59,1.05,17.06,7.79
2023-04-24,27.39,30.52,25.46,86.44,0.98,18.95,8.91
2023-04-25,27.66,31.82,24.59,84.16,1.08,19.24,7.72
2023-04-26,27.76,31.98,24.19,83.04,0.99,21.94,2.95
2023-04-27,27.8,31.86,24.46,84.28,0.99,18.37,1.68
2023-04-28,27.79,31.57,24.78,85.88,0.88,19.94,6.08
2023-04-29,28.5,32.39,25.82,82.45,0.74,19.59,8.17
2023-04-30,28.05,31.7,25.1,85.18,0.89,14.43,6.62
2023-05-01,27.9,31.76,25.33,86.42,1.11,20.67,1.47
2023-05-02,28.12,31.68,25.28,86.03,1.1,21.77,7.96
2023-05-03,28.53,32.31,25.31,81.48,0.93,22.03,3.56
2023-05-04,28.97,33.15,25.43,80.61,0.74,19.46,5.25
2023-05-05,28.18,31.02,25.86,85.3,0.96,20.16,9.4
2023-05-06,27.92,31.05,25.53,88.82,1.38,15.51,16.23
2023-05-07,27.22,29.23,25.95,90.02,1.67,17.2,6.33
2023-05-08,27.75,30.84,25.39,87.08,1.54,19.58,0.06
2023-05-09,28.35,31.71,25.37,79.62,1.24,21.06,0.07
2023-05-10,28.63,31.64,25.88,83.17,1.11,20.88,0.7
2023-05-11,28.31,31.39,25.91,88.0,1.13,19.59,2.4
2023-05-12,28.45,32.63,25.42,83.16,1.19,22.94,0.43
2023-05-13,28.63,33.66,23.87,79.7,0.82,22.14,0.12
2023-05-14,27.95,30.6,26.21,87.98,1.31,20.5,7.84
2023-05-15,28.04,31.47,25.18,84.98,1.1,15.25,4.83
2023-05-16,28.37,31.82,25.48,84.28,1.03,15.74,3.88
2023-05-17,28.93,32.69,25.83,79.54,0.89,13.81,10.56
2023-05-18,28.73,32.6,25.47,80.3,0.94,20.63,3.74
2023-05-19,27.46,29.58,25.83,89.66,1.17,15.87,5.24
2023-05-20,28.25,31.4,25.84,82.84,0.98,19.96,2.56
2023-05-21,27.34,29.64,25.75,84.3,0.98,8.66,4.05
2023-05-22,28.14,31.47,25.2,80.26,1.1,20.59,4.66
2023-05-23,28.08,31.26,25.58,81.62,1.14,19.5,3.36
2023-05-24,27.77,30.45,25.66,86.22,1.1,22.38,0.33
2023-05-25,27.74,30.58,25.52,87.07,1.24,11.27,1.63
2023-05-26,27.68,30.32,25.6,86.78,0.99,10.47,4.01
2023-05-27,28.03,30.44,25.65,82.89,0.98,9.8,2.68
2023-05-28,27.49,29.32,25.88,85.75,1.15,20.74,4.63
2023-05-29,27.68,30.19,25.63,84.77,1.29,22.06,1.63
2023-05-30,27.94,30.97,25.55,82.33,1.09,21.55,0.18
2023-05-31,27.71,29.88,25.75,85.06,1.11,21.15,5.23
2023-06-01,27.58,29.98,25.85,86.35,1.15,10.26,11.84
2023-06-02,28.03,31.32,25.47,82.2,1.14,21.48,1.65
2023-06-03,28.1,31.81,25.17,84.19,1.21,17.74,1.65
2023-06-04,27.48,30.01,25.9,87.34,1.03,11.37,12.07
2023-06-05,28.44,32.27,25.52,78.6,0.97,21.09,6.38
2023-06-06,28.38,32.32,25.84,78.65,0.89,18.09,9.88
2023-06-07,27.43,30.43,25.09,85.95,1.29,17.79,7.93
2023-06-08,27.25,30.0,25.24,88.27,1.24,16.27,10.11
2023-06-09,27.43,29.62,25.41,88.71,1.27,19.44,9.18
2023-06-10,27.45,30.1,25.6,88.59,1.36,19.6,7.15
2023-06-11,27.74,31.03,25.43,86.02,1.33,20.77,7.37
2023-06-12,27.22,29.97,25.05,88.35,1.49,8.14,11.56
2023-06-13,27.33,29.99,25.29,89.38,1.38,20.17,11.79
2023-06-14,27.47,30.62,25.34,86.06,1.0,15.6,3.25
2023-06-15,27.57,30.59,25.11,85.57,1.01,21.62,0.57
2023-06-16,27.81,30.63,25.08,86.02,1.28,21.46,0.57
2023-06-17,27.61,30.09,25.54,89.56,1.31,19.88,1.72
2023-06-18,28.25,31.11,25.97,80.38,0.89,14.97,2.37
2023-06-19,28.29,33.12,25.47,82.3,0.89,20.15,5.25
2023-06-20,27.68,31.05,25.22,86.49,1.08,18.86,4.65
2023-06-21,27.61,30.49,25.42,88.13,1.4,19.04,3.14
2023-06-22,27.62,30.75,24.75,84.88,1.07,20.76,0.56
2023-06-23,27.24,29.82,24.81,85.93,1.04,14.24,6.66
2023-06-24,27.61,30.47,25.41,83.74,0.94,14.67,5.39
2023-06-25,27.71,31.06,25.35,82.97,1.06,16.66,5.99
2023-06-26,26.34,28.11,25.09,90.12,1.38,16.35,10.91
2023-06-27,26.91,29.57,24.84,85.52,1.33,12.93,6.91
2023-06-28,27.31,30.12,25.09,82.9,1.09,16.46,6.29
2023-06-29,27.38,30.22,25.1,86.09,1.24,18.12,10.87
2023-06-30,27.38,29.58,25.67,89.83,1.24,17.27,18.09
2023-07-01,26.89,29.02,25.27,88.52,1.49,15.3,10.9
2023-07-02,27.14,30.0,24.78,86.1,1.43,17.16,0.19
2023-07-03,27.8,31.23,25.08,86.13,1.09,10.77,0.42
2023-07-04,28.21,31.31,25.71,84.31,0.85,17.67,1.07
2023-07-05,28.25,32.54,25.12,78.62,0.71,18.23,14.96
2023-07-06,28.2,31.83,24.89,75.49,0.67,10.84,6.15
2023-07-07,28.06,31.57,25.23,79.88,0.79,15.18,7.39
2023-07-08,27.29,29.72,25.03,86.89,1.15,19.74,41.14
2023-07-09,27.03,29.22,25.4,89.93,0.99,14.41,26.13
2023-07-10,26.99,29.1,25.29,87.26,1.01,18.24,12.91
2023-07-11,26.21,27.65,25.16,90.18,1.1,10.49,19.49
2023-07-12,27.12,30.29,24.42,86.28,1.19,21.33,10.17
2023-07-13,27.83,30.61,24.69,83.29,1.0,19.06,21.76
2023-07-14,26.48,28.87,25.02,90.14,1.31,7.59,40.13
2023-07-15,27.16,31.0,24.43,83.14,1.2,18.52,0.41
2023-07-16,27.2,29.57,24.89,87.26,1.32,21.31,53.1
2023-07-17,27.58,30.16,25.54,88.9,1.21,17.03,59.43
2023-07-18,26.83,28.57,25.36,91.19,1.1,13.94,11.33
2023-07-19,26.65,28.59,25.28,90.94,1.09,15.2,8.93
2023-07-20,26.25,28.11,24.99,91.78,1.44,4.37,11.58
2023-07-21,26.57,29.09,24.3,89.49,1.62,21.0,1.86
2023-07-22,27.29,29.88,25.05,89.23,1.39,18.66,4.78
2023-07-23,27.04,29.26,25.44,89.96,1.34,15.32,5.74
2023-07-24,27.36,30.51,24.94,85.13,1.19,21.29,0.43
2023-07-25,27.32,30.12,25.2,87.83,1.46,23.15,0.36
2023-07-26,27.52,29.85,25.4,90.59,1.46,20.99,17.7
2023-07-27,27.72,29.56,26.39,92.7,1.59,14.13,13.59
2023-07-28,28.02,30.38,26.03,91.28,1.27,14.54,4.22
2023-07-29,27.67,29.61,26.21,91.9,1.75,17.71,7.09
2023-07-30,27.23,29.74,25.38,89.95,1.87,20.89,2.54
2023-07-31,27.04,29.99,24.59,87.05,1.77,19.58,0.0
2023-08-01,27.22,30.07,24.99,88.42,1.29,18.9,7.05
2023-08-02,27.55,29.77,25.71,89.47,1.35,21.31,6.88
2023-08-03,26.93,29.01,25.3,91.39,1.48,6.37,12.0
2023-08-04,27.24,29.97,24.91,89.43,1.43,19.68,3.36
2023-08-05,27.51,30.52,25.18,89.01,1.57,19.67,0.88
2023-08-06,27.47,31.03,24.37,86.58,1.44,22.78,0.05
2023-08-07,27.34,30.55,24.87,87.0,1.46,22.31,0.0
2023-08-08,27.24,30.33,24.72,88.8,1.49,15.73,7.51
2023-08-09,27.02,29.48,25.06,90.34,1.45,17.59,60.59
2023-08-10,27.37,30.74,24.87,86.84,1.37,17.0,53.18
2023-08-11,27.46,31.07,24.31,85.49,1.4,20.77,53.06
2023-08-12,27.45,30.71,24.64,88.09,1.42,14.59,164.54
2023-08-13,27.49,30.67,25.25,88.19,1.27,15.65,31.91
2023-08-14,27.2,30.15,25.21,89.11,1.27,3.68,15.05
2023-08-15,27.38,30.31,25.18,85.21,0.89,21.54,2.74
2023-08-16,27.92,30.8,26.01,84.68,0.99,14.83,2.11
2023-08-17,27.6,30.56,24.98,85.51,0.91,14.96,2.01
2023-08-18,27.52,31.06,25.62,84.58,0.83,9.54,12.99
2023-08-19,27.04,29.01,25.65,90.26,0.86,9.81,27.05
2023-08-20,27.06,29.69,24.82,87.29,1.3,19.59,15.48
2023-08-21,26.49,28.16,25.32,90.75,1.29,9.96,7.04
2023-08-22,26.96,30.1,24.62,88.08,1.52,18.04,0.75
2023-08-23,26.99,30.2,24.24,88.89,1.61,21.31,0.04
2023-08-24,27.22,30.39,24.55,88.5,1.04,22.02,6.59
2023-08-25,26.95,29.26,25.13,90.25,1.32,15.38,15.57
2023-08-26,27.14,29.93,24.88,88.12,1.07,15.12,8.07
2023-08-27,27.5,30.89,24.86,84.58,1.08,21.28,3.1
2023-08-28,27.14,30.0,24.93,88.5,1.24,15.93,5.72
2023-08-29,27.27,30.31,24.96,89.21,1.47,13.8,13.41
2023-08-30,27.56,30.74,24.95,86.2,1.35,17.88,7.33
2023-08-31,27.41,30.08,25.29,88.65,1.5,11.87,1.07
2023-09-01,27.23,29.76,24.91,88.22,1.73,17.98,1.57
2023-09-02,27.61,31.11,25.06,84.64,1.55,19.97,1.03
2023-09-03,27.39,31.0,24.98,86.79,1.82,17.38,1.05
2023-09-04,27.33,30.75,25.15,87.3,1.85,15.53,10.46
2023-09-05,26.94,30.45,24.16,87.44,1.68,13.81,5.31
2023-09-06,27.16,31.37,24.88,86.07,0.93,5.59,23.86
2023-09-07,28.36,33.2,24.71,79.59,0.58,17.22,45.09
2023-09-08,27.69,29.89,25.88,88.61,1.11,16.38,28.25
2023-09-09,28.03,31.33,25.62,83.11,0.77,15.63,4.67
2023-09-10,26.76,29.01,24.98,88.52,1.23,21.82,4.24
2023-09-11,26.83,29.75,24.4,90.07,1.54,19.66,86.55
2023-09-12,27.0,30.79,23.72,87.79,1.61,18.23,1.56
2023-09-13,27.33,30.63,24.86,89.38,1.58,21.9,0.64
2023-09-14,27.26,30.81,24.65,87.05,1.81,22.05,0.37
2023-09-15,27.24,31.3,24.0,87.3,1.71,21.46,0.0
2023-09-16,27.22,30.64,24.29,88.65,1.48,22.14,0.0
2023-09-17,27.12,29.62,25.53,90.99,1.57,18.12,9.65
2023-09-18,26.99,29.71,24.95,89.7,1.3,18.8,6.19
2023-09-19,27.94,31.65,24.54,84.25,1.06,21.81,31.56
2023-09-20,28.02,30.88,25.52,83.11,0.79,20.39,33.86
2023-09-21,27.29,30.66,24.79,88.45,1.09,21.5,27.81
2023-09-22,26.75,28.72,25.19,88.21,1.37,19.62,11.85
2023-09-23,27.68,30.85,24.29,81.81,1.12,17.15,5.29
2023-09-24,26.76,29.66,25.17,89.65,1.03,8.88,13.05
2023-09-25,26.95,29.59,24.46,86.29,1.3,19.73,0.54
2023-09-26,27.08,29.66,25.06,89.62,1.7,20.55,1.86
2023-09-27,27.2,30.52,24.46,88.61,1.82,22.31,0.14
2023-09-28,27.34,31.14,24.48,87.58,1.74,21.62,0.01
2023-09-29,27.15,29.66,25.0,90.98,1.44,19.92,0.0
2023-09-30,27.75,31.05,25.1,85.62,0.98,11.22,4.15
2023-10-01,28.14,32.13,25.72,81.72,1.05,17.17,6.33
2023-10-02,27.72,30.74,24.83,86.04,1.1,18.04,1.09
2023-10-03,26.98,28.98,25.63,89.04,1.03,13.36,3.23
2023-10-04,27.85,31.0,24.98,83.25,1.01,19.3,0.46
2023-10-05,28.61,32.05,26.03,84.9,1.14,17.74,0.31
2023-10-06,28.17,30.93,25.98,88.42,1.16,16.08,0.47
2023-10-07,27.72,30.63,25.57,89.34,1.39,18.64,0.38
2023-10-08,27.35,30.44,24.9,88.19,1.19,20.6,27.39
2023-10-09,28.86,33.76,25.3,81.17,0.64,17.86,61.82
2023-10-10,28.54,31.59,26.15,83.03,0.75,17.36,25.1
2023-10-11,28.38,31.17,26.06,82.16,0.82,21.5,3.25
2023-10-12,28.58,32.47,25.32,78.21,1.04,21.28,0.97
2023-10-13,28.29,32.23,24.37,81.66,1.14,21.52,0.3
2023-10-14,28.45,31.86,25.5,82.71,1.11,19.63,0.06
2023-10-15,28.37,30.84,26.21,86.15,1.25,18.52,0.22
2023-10-16,27.89,30.72,25.56,86.26,1.31,15.67,0.96
2023-10-17,27.92,30.91,25.47,85.96,1.28,19.39,0.45
2023-10-18,28.27,32.99,25.69,81.22,1.11,8.76,13.8
2023-10-19,28.24,31.77,25.51,81.35,0.77,21.62,3.69
2023-10-20,27.99,31.88,24.9,81.66,0.95,17.8,12.27
2023-10-21,28.39,31.44,25.38,78.6,0.68,17.63,9.25
2023-10-22,27.97,30.96,25.26,81.07,0.65,22.11,3.34
2023-10-23,28.45,32.23,25.19,77.89,0.55,18.38,78.97
2023-10-24,28.37,31.6,25.6,78.88,0.57,21.64,56.86
2023-10-25,27.64,30.59,24.73,83.98,0.85,21.35,25.58
2023-10-26,28.23,31.88,25.77,82.11,0.92,20.38,2.11
2023-10-27,28.67,32.4,25.93,81.72,0.97,18.02,0.35
2023-10-28,27.34,29.31,25.81,87.77,1.11,16.27,17.45
2023-10-29,28.61,32.11,25.62,80.7,0.52,21.49,12.06
2023-10-30,27.41,30.18,24.35,85.26,0.65,18.3,19.18
2023-10-31,26.9,30.7,23.23,85.45,0.85,20.31,6.95
2023-11-01,28.4,32.46,24.65,80.36,0.72,18.47,9.16
2023-11-02,28.39,32.03,24.92,80.79,0.63,19.31,3.02
2023-11-03,28.16,31.81,25.38,83.4,0.91,19.87,0.44
2023-11-04,28.4,31.83,25.68,81.87,0.78,19.85,10.84
2023-11-05,28.79,32.13,26.09,80.38,0.64,18.99,16.54
2023-11-06,28.35,31.92,25.03,81.94,0.55,18.33,10.42
2023-11-07,28.22,32.03,25.4,82.53,0.72,18.56,24.13
2023-11-08,27.46,29.86,25.36,86.11,0.96,17.61,7.39
2023-11-09,27.45,29.99,25.07,87.16,0.99,14.89,4.55
2023-11-10,27.38,29.54,25.3,88.37,1.14,19.14,4.46
2023-11-11,28.5,32.25,25.26,81.8,0.85,15.27,2.9
2023-11-12,28.08,30.75,25.31,85.19,0.97,20.59,2.74
2023-11-13,28.01,30.74,25.75,86.95,1.01,16.63,3.64
2023-11-14,28.25,31.63,25.37,83.87,0.87,8.12,9.95
2023-11-15,28.11,31.57,25.17,83.38,0.75,18.6,7.32
2023-11-16,27.66,30.52,25.38,87.54,1.07,19.01,6.58
2023-11-17,27.39,30.12,25.08,88.19,1.0,18.74,19.46
2023-11-18,26.77,29.1,25.2,92.3,1.67,19.41,9.75
2023-11-19,26.17,28.16,24.68,93.42,1.67,13.37,0.33
2023-11-20,27.05,30.29,24.68,89.68,1.34,21.35,26.25
2023-11-21,27.17,30.41,24.84,89.36,0.95,11.22,12.53
2023-11-22,26.29,27.53,25.44,94.01,1.57,13.49,62.49
2023-11-23,27.14,30.52,24.87,87.1,1.21,12.42,51.93
2023-11-24,26.46,28.62,24.62,91.77,1.16,18.02,51.65
2023-11-25,26.4,28.61,24.64,91.34,1.37,14.78,99.47
2023-11-26,26.04,28.59,24.3,90.31,1.49,15.39,19.52
2023-11-27,25.99,28.25,23.97,90.47,1.22,13.28,8.02
2023-11-28,26.18,28.44,24.24,93.03,1.44,19.09,2.67
2023-11-29,27.07,30.03,24.53,90.61,1.06,16.69,1.3
2023-11-30,27.06,29.21,25.6,94.07,1.21,16.27,26.0
2023-12-01,26.38,28.72,24.86,93.94,1.61,11.73,29.95
2023-12-02,26.63,29.71,24.11,90.15,1.46,15.82,1.45
2023-12-03,26.98,29.75,24.77,89.88,1.0,12.08,4.63
2023-12-04,27.23,30.11,25.31,86.05,0.91,18.27,1.05
2023-12-05,27.02,30.27,24.48,88.71,0.98,20.01,2.34
2023-12-06,26.13,28.57,24.24,90.55,1.34,5.99,18.58
2023-12-07,26.36,29.3,23.45,89.99,1.02,18.74,12.88
2023-12-08,27.06,29.8,25.09,91.94,1.46,19.95,4.86
2023-12-09,26.76,29.68,24.89,91.9,1.42,13.78,3.92
2023-12-10,26.7,29.41,24.22,88.52,1.1,15.09,0.56
2023-12-11,26.97,30.06,24.47,89.88,1.37,18.62,5.7
2023-12-12,26.49,29.24,24.49,90.51,1.27,11.19,17.47
2023-12-13,27.03,30.54,23.89,87.46,0.85,20.72,58.2
2023-12-14,27.19,29.44,25.52,88.37,1.01,16.36,81.05
2023-12-15,27.71,31.49,25.16,87.6,0.94,19.85,16.74
2023-12-16,26.94,29.2,25.36,92.39,1.23,13.15,3.57
2023-12-17,26.85,29.2,24.94,93.31,1.59,17.77,6.89
2023-12-18,26.6,28.51,25.22,93.11,1.31,17.94,2.87
2023-12-19,26.35,28.9,24.46,91.85,1.4,16.98,3.49
2023-12-20,26.5,28.89,24.79,92.93,1.43,19.07,1.31
2023-12-21,26.91,30.06,24.83,91.04,1.4,17.83,4.64
2023-12-22,26.46,28.83,24.9,93.05,1.69,14.38,2.32
2023-12-23,26.92,29.9,24.38,90.75,1.43,13.36,23.37
2023-12-24,26.99,28.98,25.56,92.78,1.19,17.58,77.45
2023-12-25,26.47,28.44,25.2,93.75,1.94,9.83,28.03
2023-12-26,26.07,28.27,24.81,93.68,1.78,14.96,14.71
2023-12-27,26.33,28.48,24.72,94.52,1.53,10.13,9.09
2023-12-28,26.85,29.9,24.72,90.8,1.46,14.79,50.14
2023-12-29,26.86,30.21,24.51,91.14,1.43,17.84,14.82
2023-12-30,27.03,30.02,24.75,91.69,1.44,16.47,10.41
2023-12-31,26.61,28.93,25.09,93.69,1.41,16.59,10.05
2024-01-01,26.54,28.9,24.83,93.11,1.29,14.27,19.68
2024-01-02,26.26,28.55,24.62,93.56,1.48,18.97,6.12
2024-01-03,26.58,29.0,24.78,93.17,1.5,16.76,17.61
2024-01-04,26.3,28.31,24.7,94.69,1.35,10.17,29.36
2024-01-05,26.32,28.2,24.63,95.0,1.75,14.17,16.04
2024-01-06,26.56,29.1,24.75,93.42,1.47,17.1,38.82
2024-01-07,25.78,27.52,24.58,94.36,1.63,4.02,49.31
2024-01-08,26.29,28.87,24.23,92.43,1.41,10.59,12.69
2024-01-09,26.14,28.14,24.64,93.65,1.18,8.78,28.76
2024-01-10,26.47,29.04,24.73,92.2,1.56,12.44,14.09
2024-01-11,26.38,28.75,24.64,93.56,1.44,14.32,5.85
2024-01-12,25.7,27.48,24.07,94.18,1.6,10.8,8.69
2024-01-13,25.53,27.76,23.82,93.23,1.43,15.58,4.43
2024-01-14,26.19,28.88,23.82,91.63,1.58,19.88,0.1
2024-01-15,26.36,28.99,24.63,92.74,1.77,17.59,9.57
2024-01-16,26.28,28.76,24.68,92.77,1.83,15.22,9.95
2024-01-17,26.31,29.08,24.34,91.65,1.75,9.18,4.38
2024-01-18,26.14,28.59,24.37,92.65,1.57,12.86,5.14
2024-01-19,25.84,27.85,24.24,93.18,1.33,15.16,10.81
2024-01-20,25.05,26.63,23.51,93.24,1.7,8.05,7.54
2024-01-21,25.6,29.9,21.73,87.68,1.37,21.62,2.48
2024-01-22,27.06,30.9,23.92,87.21,0.93,21.3,56.12
2024-01-23,26.54,29.18,24.67,91.44,1.18,19.24,24.6
2024-01-24,26.28,28.23,24.88,94.4,1.51,14.9,37.74
2024-01-25,26.4,28.5,24.7,95.09,1.32,17.82,25.37
2024-01-26,26.15,28.01,24.85,94.42,1.8,19.94,13.77
2024-01-27,26.51,29.23,24.84,91.92,2.06,21.59,5.74
2024-01-28,26.38,29.64,24.35,90.67,1.98,16.38,1.0
2024-01-29,26.26,29.99,23.83,89.6,1.94,19.46,0.09
2024-01-30,26.25,30.14,23.62,88.56,1.84,22.72,0.32
2024-01-31,26.4,30.42,23.27,88.81,1.55,22.75,0.04
2024-02-01,26.35,29.22,24.31,92.05,1.53,19.62,96.08
2024-02-02,26.96,30.46,24.49,90.07,1.41,21.88,30.96
2024-02-03,26.77,29.96,24.7,88.87,1.35,20.08,0.39
2024-02-04,27.0,31.39,23.83,86.82,1.19,15.8,0.03
2024-02-05,26.78,30.81,23.9,87.45,1.53,20.21,1.2
2024-02-06,26.89,30.66,23.57,87.14,1.17,17.58,1.49
2024-02-07,26.89,30.13,24.41,89.75,1.3,19.57,1.15
2024-02-08,27.51,31.32,24.67,88.16,1.19,19.37,0.37
2024-02-09,26.89,30.4,23.97,88.81,1.76,18.69,15.33
2024-02-10,26.18,30.35,22.95,88.96,2.01,21.72,8.06
2024-02-11,26.29,29.85,23.92,88.92,2.14,20.01,4.04
2024-02-12,26.3,29.9,24.06,89.63,2.23,15.13,7.87
2024-02-13,26.34,29.14,24.25,91.83,2.17,16.85,6.61
2024-02-14,27.03,30.32,24.78,89.83,1.96,15.95,5.28
2024-02-15,26.84,29.95,25.03,90.45,2.01,12.78,7.4
2024-02-16,26.94,30.52,24.61,89.66,1.96,17.71,3.72
2024-02-17,26.64,30.58,23.9,87.35,1.86,19.56,0.61
2024-02-18,27.33,32.03,23.73,86.43,1.29,20.0,0.6
2024-02-19,27.21,30.52,24.71,89.15,1.45,21.1,0.58
2024-02-20,27.54,31.68,24.6,87.16,1.5,22.42,1.83
2024-02-21,27.13,31.94,23.45,85.97,1.4,21.34,0.96
2024-02-22,27.54,32.33,23.61,84.74,1.08,19.89,0.29
2024-02-23,27.09,31.01,24.51,87.21,1.76,22.15,0.07
2024-02-24,26.83,31.48,23.74,84.77,1.66,19.98,0.17
2024-02-25,26.8,30.89,23.8,88.27,1.82,21.39,6.1
2024-02-26,26.58,29.93,24.29,90.77,1.83,18.88,89.95
2024-02-27,26.89,30.89,24.32,88.57,1.78,17.82,7.38
2024-02-28,26.98,30.71,24.36,85.92,1.91,20.91,0.1
2024-02-29,27.11,31.51,23.38,86.73,1.65,21.13,0.1
2024-03-01,27.08,30.89,24.35,89.1,1.56,21.67,1.87
2024-03-02,26.86,29.63,25.0,90.92,1.69,20.28,6.12
2024-03-03,26.59,29.19,25.04,92.91,1.49,11.46,12.36
2024-03-04,26.86,29.67,24.77,91.85,1.22,15.17,17.25
2024-03-05,27.23,29.94,25.01,89.99,0.87,18.88,9.21
2024-03-06,28.38,32.27,25.15,84.25,0.67,20.01,10.49
2024-03-07,28.24,31.79,25.27,87.95,0.78,18.77,4.95
2024-03-08,26.9,28.78,25.38,91.3,0.66,10.3,24.54
2024-03-09,27.8,31.21,24.54,82.45,0.75,19.86,2.87
2024-03-10,27.57,31.26,24.86,86.53,1.39,20.43,0.32
2024-03-11,27.13,31.04,23.43,83.89,1.38,18.57,0.02
2024-03-12,27.16,30.48,24.77,87.46,1.38,20.67,114.22
2024-03-13,27.19,31.45,23.63,86.84,1.51,23.74,83.73
2024-03-14,27.44,31.9,24.41,87.19,1.57,24.14,22.56
2024-03-15,26.86,31.38,23.32,87.02,1.54,17.43,0.0
2024-03-16,26.91,31.07,23.31,84.65,1.35,22.84,0.18
2024-03-17,27.03,31.25,24.17,87.43,1.66,22.93,1.24
2024-03-18,27.32,31.72,23.92,86.99,1.55,25.23,0.39
2024-03-19,27.49,31.41,24.98,86.81,1.67,22.63,0.02
2024-03-20,27.09,31.19,24.41,87.08,1.94,20.62,0.93
2024-03-21,27.41,31.49,24.6,85.92,1.82,21.57,0.14
2024-03-22,27.31,31.82,24.1,84.69,1.6,24.08,0.0
2024-03-23,27.66,32.8,23.89,84.31,1.36,24.55,2.17
2024-03-24,27.91,32.81,24.42,84.34,1.34,24.07,1.1
2024-03-25,27.87,32.59,23.91,86.0,1.28,21.89,53.42
2024-03-26,27.71,31.38,24.9,88.45,1.36,21.49,138.51
2024-03-27,27.9,32.18,24.04,85.72,1.15,22.23,8.79
2024-03-28,27.24,29.53,25.36,91.3,1.18,22.13,1.04
2024-03-29,27.81,31.53,25.19,85.83,1.24,21.9,0.66
2024-03-30,27.43,30.8,24.68,88.14,1.13,17.98,9.43
2024-03-31,28.66,33.01,24.32,79.23,0.86,19.77,10.51
2024-04-01,28.85,33.25,24.52,80.69,0.72,20.96,3.73
2024-04-02,29.11,33.55,25.2,80.57,0.78,21.24,0.68
2024-04-03,28.44,31.97,25.3,86.27,1.03,20.68,9.42
2024-04-04,28.91,32.71,25.12,84.68,0.82,20.87,5.81
2024-04-05,28.98,32.71,26.01,84.6,0.89,19.63,0.82
2024-04-06,28.42,32.35,25.73,86.29,1.46,22.07,0.11
2024-04-07,28.2,31.46,25.65,87.94,1.35,21.94,0.2
2024-04-08,29.42,34.45,25.91,82.27,0.91,17.72,15.59
2024-04-09,28.26,31.3,26.02,89.76,1.3,22.04,20.97
2024-04-10,27.8,30.0,26.3,91.1,1.16,10.41,19.81
2024-04-11,28.02,31.06,25.93,89.51,1.44,12.56,1.48
2024-04-12,27.46,29.68,26.01,91.02,1.29,5.06,18.38
2024-04-13,27.87,31.23,25.39,88.38,1.15,21.65,7.36
2024-04-14,27.82,30.87,25.41,89.14,1.25,19.22,12.27
2024-04-15,28.09,31.57,25.52,88.22,1.22,20.06,8.73
2024-04-16,27.98,30.69,25.89,91.27,1.11,13.13,19.57
2024-04-17,27.81,30.38,26.13,88.33,0.78,12.86,6.41
2024-04-18,28.97,32.98,25.33,80.97,0.64,20.67,6.28
2024-04-19,29.0,32.31,25.86,81.56,0.88,22.19,4.85
2024-04-20,28.17,31.27,26.23,88.56,0.93,14.67,19.02
2024-04-21,29.44,33.01,26.19,80.33,0.66,21.53,5.86
2024-04-22,29.7,33.85,26.02,82.42,0.63,19.9,7.76
2024-04-23,29.52,33.4,26.82,82.94,0.82,18.53,16.63
2024-04-24,28.82,31.38,27.01,85.59,0.98,16.03,11.13
2024-04-25,29.14,32.83,25.57,81.79,0.92,19.71,9.36
2024-04-26,28.76,32.32,26.27,84.13,1.02,21.27,19.59
2024-04-27,29.35,33.66,25.5,80.47,0.85,18.15,5.59
2024-04-28,28.71,31.96,26.34,87.69,1.33,19.49,8.92
2024-04-29,28.85,32.07,26.3,86.92,1.05,22.01,0.77
2024-04-30,28.92,31.22,26.69,86.94,0.89,19.98,2.82
2024-05-01,28.24,30.1,26.84,92.2,1.2,14.82,23.8
2024-05-02,28.28,30.71,26.07,89.31,1.17,21.43,23.31
2024-05-03,28.72,31.76,26.41,88.17,1.24,20.1,21.5
2024-05-04,27.52,29.1,25.85,91.44,1.15,5.69,21.11
2024-05-05,28.38,31.82,25.46,85.34,1.12,21.0,0.73
2024-05-06,28.65,31.58,26.09,87.45,1.14,19.44,0.19
2024-05-07,28.6,31.5,26.42,87.72,1.12,15.14,11.8
2024-05-08,28.42,32.31,26.3,82.5,0.8,15.18,20.77
2024-05-09,28.82,32.92,25.35,81.1,0.99,21.07,61.18
2024-05-10,28.15,30.98,25.57,88.7,1.25,15.67,39.66
2024-05-11,28.16,31.04,25.97,88.34,1.16,20.8,4.53
2024-05-12,28.42,31.35,25.84,85.89,1.03,18.12,6.7
2024-05-13,29.87,34.62,26.19,82.1,0.62,20.69,6.24
2024-05-14,28.77,31.93,26.81,88.08,0.87,19.33,11.98
2024-05-15,29.09,32.1,26.25,84.98,0.84,17.5,7.33
2024-05-16,28.02,30.07,26.78,93.33,1.34,13.34,9.19
2024-05-17,28.56,31.13,26.72,87.29,1.01,20.58,0.74
2024-05-18,28.32,30.81,26.4,89.89,1.18,15.74,3.18
2024-05-19,28.02,29.9,26.72,93.36,1.43,21.08,29.84
2024-05-20,27.95,29.92,26.5,92.55,1.41,14.81,24.34
2024-05-21,28.28,30.19,26.54,90.85,1.16,18.3,102.77
2024-05-22,29.09,32.94,26.77,86.43,0.81,10.41,60.91
2024-05-23,28.91,31.88,26.68,85.09,0.74,20.66,9.94
2024-05-24,28.83,31.95,26.29,86.12,0.87,16.65,2.67
2024-05-25,28.04,30.13,26.47,91.12,1.12,18.32,7.55
2024-05-26,29.28,33.68,26.39,83.41,0.75,12.75,3.31
2024-05-27,28.33,30.24,26.91,91.28,1.06,19.87,9.2
2024-05-28,27.91,29.47,26.67,90.43,1.04,16.68,9.93
2024-05-29,28.3,30.73,26.24,88.93,1.14,18.42,7.22
2024-05-30,27.8,29.29,26.56,90.59,1.25,13.79,10.51
2024-05-31,28.02,30.61,26.06,89.61,1.13,16.3,4.38
2024-06-01,27.46,28.96,26.35,91.17,1.27,8.33,6.55
2024-06-02,27.28,30.35,25.71,88.78,1.1,11.54,9.65
2024-06-03,28.62,32.55,24.96,80.82,0.72,17.98,9.22
2024-06-04,28.97,33.05,25.83,81.25,0.81,17.48,3.85
2024-06-05,28.6,31.68,26.06,86.24,1.17,20.91,5.94
2024-06-06,28.13,30.38,26.06,88.32,0.98,12.05,16.82
2024-06-07,28.41,32.44,26.35,84.11,0.65,17.85,6.51
2024-06-08,27.88,30.07,26.19,90.27,0.91,13.9,4.85
2024-06-09,29.05,33.09,26.01,80.39,0.89,16.0,5.09
2024-06-10,29.71,34.34,26.22,76.21,0.81,19.07,6.71
2024-06-11,29.46,33.27,26.81,79.44,0.78,18.33,9.05
2024-06-12,29.06,32.76,26.9,81.31,0.68,16.78,11.63
2024-06-13,29.09,33.24,25.91,79.66,0.7,20.31,6.01
2024-06-14,29.17,32.87,26.74,79.78,0.42,15.01,24.59
2024-06-15,29.31,34.12,26.0,78.84,0.69,15.47,4.92
2024-06-16,27.7,29.61,26.41,87.76,0.98,17.4,3.05
2024-06-17,27.06,29.28,25.76,89.34,1.47,16.92,2.11
2024-06-18,27.57,30.43,25.1,86.03,1.14,14.84,10.92
2024-06-19,27.59,30.09,25.56,87.22,1.16,13.97,12.61
2024-06-20,28.18,30.92,25.87,82.53,1.07,16.44,13.15
2024-06-21,26.68,28.29,25.41,91.2,1.34,13.58,21.77
2024-06-22,26.25,28.33,24.73,89.28,1.46,7.75,12.41
2024-06-23,27.16,30.19,24.38,88.78,1.5,16.91,0.16
2024-06-24,27.8,30.74,25.22,87.77,1.45,20.14,0.56
2024-06-25,27.97,30.66,26.04,89.55,1.48,18.8,5.61
2024-06-26,27.84,30.88,25.7,88.02,1.24,17.64,11.85
2024-06-27,28.38,32.06,25.41,83.93,0.94,17.94,5.47
2024-06-28,28.66,31.75,25.84,81.34,0.63,17.04,12.05
2024-06-29,27.46,29.39,26.05,88.81,1.03,15.53,11.13
2024-06-30,27.18,29.62,25.62,88.29,1.21,7.67,9.44
2024-07-01,28.28,31.79,25.27,78.42,0.81,16.11,6.13
2024-07-02,27.86,30.82,25.64,83.44,1.02,16.85,0.7
2024-07-03,27.51,29.8,25.5,89.23,1.33,17.95,5.12
2024-07-04,27.74,30.43,25.61,84.65,1.29,21.28,2.63
2024-07-05,28.81,31.8,26.23,76.49,0.68,18.54,0.67
2024-07-06,28.27,32.69,25.88,82.68,0.84,13.91,1.23
2024-07-07,27.34,29.35,25.71,87.39,0.97,15.33,4.0
2024-07-08,26.93,28.81,25.36,89.02,0.98,9.11,5.54
2024-07-09,27.44,30.56,25.55,85.49,1.05,9.33,7.82
2024-07-10,26.9,29.6,24.92,86.77,1.25,14.89,3.7
2024-07-11,27.11,29.38,25.28,89.57,1.46,20.6,16.36
2024-07-12,27.26,29.62,25.32,85.41,1.0,8.44,9.74
2024-07-13,27.36,29.93,24.92,88.3,1.21,20.33,1.04
2024-07-14,26.88,29.24,25.03,90.79,1.41,9.35,15.81
2024-07-15,27.01,29.82,24.34,87.54,1.42,17.63,1.47
2024-07-16,27.17,29.76,25.14,89.46,1.61,16.82,0.06
2024-07-17,27.23,29.68,25.15,90.43,1.52,17.99,56.32
2024-07-18,27.32,29.35,25.93,92.2,1.71,20.47,28.72
2024-07-19,27.46,29.5,25.66,92.3,1.64,18.53,0.0
2024-07-20,28.03,30.64,26.06,90.21,1.6,18.52,0.0
2024-07-21,27.54,29.19,26.33,92.45,1.59,16.36,0.0
2024-07-22,27.63,29.69,26.06,92.46,1.55,17.7,0.0
2024-07-23,27.45,29.76,25.31,92.05,1.35,18.62,3.33
2024-07-24,27.73,30.42,25.7,90.08,1.53,20.8,3.47
2024-07-25,27.93,30.58,26.18,88.57,1.77,20.9,6.21
2024-07-26,27.95,30.65,25.9,88.46,1.91,19.37,0.0
2024-07-27,27.85,30.66,25.59,89.66,1.71,19.02,0.0
2024-07-28,27.62,30.4,25.57,88.8,1.82,20.13,0.0
2024-07-29,27.29,30.14,24.8,89.86,1.56,18.41,16.07
2024-07-30,27.55,30.59,24.98,88.93,1.41,20.01,22.5
2024-07-31,27.7,30.56,25.93,90.18,1.24,10.47,27.59
2024-08-01,27.33,29.86,25.39,90.39,1.5,20.97,7.82
2024-08-02,27.15,29.31,25.36,91.42,1.47,18.26,2.74
2024-08-03,27.2,30.15,24.94,89.33,1.51,20.05,11.73
2024-08-04,26.74,29.11,25.0,89.56,1.28,7.1,17.0
2024-08-05,27.01,29.42,24.9,87.6,1.19,19.27,2.15
2024-08-06,27.27,30.4,24.79,87.57,1.34,19.05,0.35
2024-08-07,26.94,29.95,24.56,89.11,1.48,13.95,1.21
2024-08-08,27.52,30.98,24.96,87.06,1.48,18.46,0.65
2024-08-09,27.34,29.84,25.66,91.46,1.5,5.32,6.68
2024-08-10,27.23,29.87,25.19,90.74,1.19,13.11,5.87
2024-08-11,26.92,28.92,25.39,91.09,1.33,10.1,22.13
2024-08-12,27.13,30.01,24.66,87.86,1.49,21.76,4.23
2024-08-13,27.2,30.01,25.03,91.09,1.56,17.29,32.04
2024-08-14,27.07,30.02,24.92,90.22,1.54,9.63,18.45
2024-08-15,27.56,30.96,25.06,87.76,1.34,19.77,4.24
2024-08-16,27.05,29.61,25.0,91.1,1.57,16.98,5.17
2024-08-17,27.02,29.86,24.51,89.18,1.39,16.34,4.19
2024-08-18,27.62,30.72,25.55,90.56,1.49,19.43,1.29
2024-08-19,27.65,30.96,25.44,87.94,1.19,19.77,15.81
2024-08-20,26.98,29.01,25.15,88.22,1.04,10.87,22.66
2024-08-21,26.99,28.98,25.48,87.01,0.8,15.39,8.35
2024-08-22,26.91,29.14,24.79,87.71,1.07,20.07,11.28
2024-08-23,27.53,30.07,25.41,86.1,1.01,16.72,18.98
2024-08-24,26.41,28.22,24.71,90.11,1.17,10.67,6.5
2024-08-25,26.53,29.06,24.49,87.89,1.22,11.86,14.88
2024-08-26,27.32,30.46,24.28,84.7,1.19,16.12,27.13
2024-08-27,26.25,27.35,25.3,90.99,1.48,10.91,14.3
2024-08-28,26.32,28.56,24.67,89.56,1.42,17.91,13.25
2024-08-29,27.09,29.82,24.92,88.82,1.45,18.28,1.35
2024-08-30,26.96,29.92,24.58,87.69,1.52,17.73,0.37
2024-08-31,27.36,30.13,24.73,88.92,1.15,15.82,2.28
2024-09-01,27.64,30.46,25.41,88.17,1.09,19.32,6.09
2024-09-02,27.69,30.05,25.75,90.69,1.4,16.3,1.68
2024-09-03,27.61,29.87,25.49,90.12,1.25,9.74,10.97
2024-09-04,27.81,31.23,25.46,85.19,0.98,12.06,18.78
2024-09-05,27.79,30.56,25.35,84.96,1.11,20.62,4.18
2024-09-06,27.59,30.06,25.5,90.67,1.53,17.74,0.75
2024-09-07,27.74,30.37,25.76,90.94,1.84,19.72,3.09
2024-09-08,27.54,29.96,25.65,89.68,1.09,15.01,2.77
2024-09-09,27.27,30.17,25.54,88.96,1.05,16.17,18.44
2024-09-10,26.64,28.96,24.94,87.46,1.25,17.59,3.66
2024-09-11,28.02,31.68,24.54,80.11,0.98,20.99,20.71
2024-09-12,27.38,29.68,25.56,86.82,1.31,17.3,110.42
2024-09-13,27.58,29.89,25.23,84.44,1.3,20.0,32.42
2024-09-14,27.38,29.76,25.56,85.99,0.95,17.47,3.4
2024-09-15,27.27,29.52,25.41,85.51,1.21,13.49,12.84
2024-09-16,27.03,29.26,25.29,88.47,1.52,19.96,3.39
2024-09-17,27.05,29.72,25.36,88.62,1.95,20.8,8.37
2024-09-18,27.41,30.46,24.9,85.68,1.81,23.13,1.71
2024-09-19,27.53,30.04,25.6,88.09,1.36,19.12,0.83
2024-09-20,27.12,28.98,25.71,89.67,1.24,20.29,8.16
2024-09-21,27.71,30.16,25.23,80.53,0.97,14.83,3.97
2024-09-22,28.04,31.44,24.93,82.86,0.91,21.86,0.37
2024-09-23,27.3,29.99,25.56,90.21,1.34,12.02,9.76
2024-09-24,28.35,32.56,24.36,78.54,0.79,19.18,8.86
2024-09-25,28.13,31.6,25.54,81.4,0.75,16.62,20.85
2024-09-26,27.58,31.0,24.53,80.97,0.98,7.49,3.02
2024-09-27,27.5,30.5,24.83,84.66,0.96,22.11,1.29
2024-09-28,27.74,31.06,25.09,88.2,1.2,18.25,3.38
2024-09-29,27.81,31.05,25.43,86.97,1.04,19.63,5.93
2024-09-30,27.23,29.64,25.38,88.56,1.17,20.0,13.6
2024-10-01,27.55,30.02,25.33,82.88,1.05,15.72,11.08
2024-10-02,27.83,31.34,25.43,79.22,0.95,19.64,0.58
2024-10-03,28.02,31.91,24.17,80.95,0.85,13.54,4.6
2024-10-04,27.53,30.4,25.35,83.37,0.8,15.54,9.53
2024-10-05,27.19,30.62,25.13,85.42,0.85,18.9,11.44
2024-10-06,26.72,28.52,24.72,85.82,0.97,9.54,34.55
2024-10-07,27.83,31.5,25.14,80.8,1.08,17.4,1.54
2024-10-08,26.8,28.47,25.34,87.36,1.23,14.56,0.94
2024-10-09,27.36,30.62,24.71,85.96,1.07,17.61,6.78
2024-10-10,27.76,30.48,25.51,86.46,0.94,17.99,11.91
2024-10-11,28.16,31.48,25.78,84.19,0.75,18.84,10.47
2024-10-12,27.98,30.84,25.86,86.24,0.75,14.42,23.23
2024-10-13,26.42,27.95,25.42,91.8,1.36,20.44,19.59
2024-10-14,25.99,27.58,24.83,87.9,1.21,10.21,16.14
2024-10-15,26.68,29.33,24.5,85.99,1.29,11.6,14.2
2024-10-16,27.26,30.51,24.47,84.91,1.07,16.83,2.24
2024-10-17,26.92,28.74,25.44,89.14,1.34,8.91,7.68
2024-10-18,27.77,30.71,25.34,82.53,1.01,19.23,3.7
2024-10-19,28.02,30.94,25.61,81.05,0.79,18.6,15.76
2024-10-20,26.99,30.11,24.72,84.61,1.29,18.12,11.1
2024-10-21,27.76,31.26,23.5,75.22,0.85,24.37,0.0
2024-10-22,27.78,30.96,24.63,80.65,0.81,22.3,0.0
2024-10-23,28.09,31.67,25.24,85.87,1.14,21.24,0.16
2024-10-24,27.71,30.91,25.25,87.38,0.94,17.94,1.19
2024-10-25,27.06,29.53,25.39,88.83,1.44,15.72,2.78
2024-10-26,27.28,29.96,25.23,88.01,1.27,22.08,19.98
2024-10-27,27.4,30.53,25.17,88.22,1.53,22.84,14.62
2024-10-28,27.67,30.72,25.14,86.57,1.33,22.84,0.52
2024-10-29,27.79,29.91,26.03,86.62,1.14,20.08,9.73
2024-10-30,27.57,29.93,25.31,88.39,1.23,21.0,55.06
2024-10-31,27.3,29.51,25.15,88.41,1.15,17.97,23.87
2024-11-01,27.57,30.32,25.33,88.87,1.42,19.59,3.57
2024-11-02,26.78,28.61,25.53,88.5,1.38,12.11,4.79
2024-11-03,27.19,30.12,25.06,87.03,1.27,18.83,5.01
2024-11-04,27.51,29.93,25.17,80.61,0.98,12.53,9.65
2024-11-05,28.13,31.42,25.55,82.14,0.89,18.86,1.94
2024-11-06,26.65,28.95,25.27,89.01,1.46,17.51,0.96
2024-11-07,27.02,29.09,25.09,87.26,0.85,14.52,5.07
2024-11-08,26.87,29.43,24.95,85.18,1.27,18.91,14.55
2024-11-09,27.87,31.39,24.44,81.76,0.84,14.52,10.41
2024-11-10,27.57,30.74,25.3,86.2,0.81,18.65,14.84
2024-11-11,27.68,30.44,25.14,83.9,0.76,17.92,5.78
2024-11-12,28.34,31.9,25.51,79.05,0.61,20.46,2.18
2024-11-13,28.16,31.36,25.04,81.46,0.58,13.47,19.68
2024-11-14,27.55,30.45,25.27,85.93,0.9,17.24,6.0
2024-11-15,28.11,31.98,24.81,82.14,0.68,19.54,5.17
2024-11-16,27.4,30.43,25.18,88.84,1.05,15.37,17.05
2024-11-17,27.1,30.57,24.51,89.6,1.33,13.09,19.86
2024-11-18,26.46,28.74,24.82,92.5,1.4,15.66,11.74
2024-11-19,26.52,29.97,24.16,87.83,1.11,12.23,6.67
2024-11-20,26.25,29.21,24.14,89.96,1.36,15.82,1.5
2024-11-21,26.42,29.02,24.32,86.99,0.9,18.55,29.51
2024-11-22,25.73,27.71,24.11,92.63,1.17,13.29,49.79
2024-11-23,27.05,30.86,23.65,84.83,0.97,19.39,19.45
2024-11-24,26.76,29.29,24.91,89.84,1.07,14.27,11.58
2024-11-25,26.87,29.81,24.69,89.55,1.18,14.16,4.42
2024-11-26,26.37,28.48,24.58,91.74,1.22,15.17,14.43
2024-11-27,26.4,28.75,24.63,90.12,1.37,8.01,22.51
2024-11-28,26.35,28.66,24.41,91.53,1.02,11.47,25.36
2024-11-29,25.99,27.7,24.83,90.98,0.92,4.74,48.14
2024-11-30,26.55,28.75,25.12,91.25,1.2,16.24,0.77
2024-12-01,26.77,29.22,25.0,89.49,1.52,17.86,1.51
2024-12-02,26.98,29.95,25.24,87.12,0.58,13.88,2.41
2024-12-03,25.53,26.91,24.63,88.38,1.11,15.33,7.38
2024-12-04,25.54,28.1,23.49,88.92,1.53,14.18,6.18
2024-12-05,26.73,29.86,23.89,84.28,1.42,17.66,1.44
2024-12-06,27.47,32.1,24.16,80.92,1.12,19.97,74.98
2024-12-07,27.24,30.68,24.66,84.68,1.36,20.34,30.08
2024-12-08,26.58,29.26,24.85,92.25,1.47,19.11,6.33
2024-12-09,26.05,28.08,24.53,93.06,1.64,10.22,11.02
2024-12-10,25.64,27.6,24.12,93.56,1.65,11.28,6.79
2024-12-11,26.46,28.93,24.39,91.61,1.41,17.11,10.43
2024-12-12,26.75,29.17,24.94,92.15,1.55,13.47,7.35
2024-12-13,26.22,28.34,24.85,89.36,1.47,11.95,3.2
2024-12-14,26.71,29.6,24.14,89.04,1.15,20.21,0.29
2024-12-15,27.4,30.24,24.92,83.83,0.96,17.59,0.26
2024-12-16,27.07,29.86,24.81,88.74,1.08,18.33,1.84
2024-12-17,26.24,27.83,25.09,94.84,1.36,15.89,3.9
2024-12-18,26.42,29.12,24.52,92.64,1.62,13.08,3.37
2024-12-19,25.89,28.17,24.26,92.66,1.53,13.49,0.89
2024-12-20,25.61,27.94,23.91,91.92,1.57,16.1,0.18
2024-12-21,25.98,28.74,24.39,91.64,1.44,19.19,2.46
2024-12-22,26.37,29.91,24.4,89.76,1.59,18.1,3.03
2024-12-23,26.47,30.17,24.21,88.75,1.07,13.49,21.12
2024-12-24,26.96,30.89,24.31,82.42,0.87,15.51,5.28
2024-12-25,25.76,28.76,23.42,88.18,1.41,6.11,3.65
2024-12-26,25.97,28.27,23.86,88.19,0.86,14.65,0.25
2024-12-27,26.22,29.26,24.16,87.97,1.14,17.35,0.66
2024-12-28,26.11,29.1,23.7,91.05,1.54,20.34,2.17
2024-12-29,26.35,29.29,24.34,91.22,1.61,18.8,19.75
2024-12-30,26.09,28.35,24.7,93.25,1.65,12.13,25.68
2024-12-31,25.64,27.49,24.43,93.3,1.33,19.46,3.9
